URL,Last,crawled
https://ewastekochi.com/ml/buyback/phones/sell-oneplus-12-pro-kochi.html,2026-04-18,
https://ewastekochi.com/ml/buyback/laptops/sell-thinkpad-t440s-kochi.html,2026-04-18,
https://ewastekochi.com/ml/locations/ewaste-angamaly.html,2026-04-18,
https://ewastekochi.com/ml/buyback/laptops/sell-dell-latitude-5403-kochi.html,2026-04-18,
https://ewastekochi.com/e-waste-vyttila.html,2026-04-18,
https://ewastekochi.com/ml/buyback/laptops/sell-dell-latitude-5444-kochi.html,2026-04-18,
https://ewastekochi.com/ml/locations/ewaste-682033.html,2026-04-18,
https://ewastekochi.com/buyback/phones/sell-xiaomi-redmi-note-16-kochi.html,2026-04-18,
https://ewastekochi.com/ml/locations/ewaste-682165.html,2026-04-18,
https://ewastekochi.com/ml/locations/ewaste-smart-city.html,2026-04-18,
https://ewastekochi.com/ml/locations/ewaste-682108.html,2026-04-18,
https://ewastekochi.com/ml/locations/ewaste-palarivattom.html,2026-04-18,
https://ewastekochi.com/ml/buyback/laptops/sell-dell-latitude-5499-kochi.html,2026-04-18,
https://ewastekochi.com/ml/locations/ewaste-682041.html,2026-04-18,
https://ewastekochi.com/ml/buyback/laptops/sell-thinkpad-t411s-kochi.html,2026-04-18,
https://ewastekochi.com/ml/buyback/laptops/sell-dell-latitude-5488-kochi.html,2026-04-18,
https://ewastekochi.com/ml/buyback/laptops/sell-dell-latitude-5445-kochi.html,2026-04-18,
https://ewastekochi.com/ml/buyback/laptops/sell-thinkpad-t442s-kochi.html,2026-04-18,
https://ewastekochi.com/ml/buyback/laptops/sell-hp-elitebook-918-kochi.html,2026-04-18,
https://ewastekochi.com/ml/buyback/phones/sell-samsung-galaxy-a24-kochi.html,2026-04-18,
https://ewastekochi.com/ml/buyback/laptops/sell-hp-elitebook-881-kochi.html,2026-04-18,
https://ewastekochi.com/ml/buyback/laptops/sell-thinkpad-t419s-kochi.html,2026-04-18,
https://ewastekochi.com/ml/buyback/laptops/sell-thinkpad-t425s-kochi.html,2026-04-18,
https://ewastekochi.com/buyback/phones/sell-poco-7-pro-kochi.html,2026-04-18,
https://ewastekochi.com/buyback/phones/sell-iphone-8-pro-kochi.html,2026-04-18,
https://ewastekochi.com/ml/locations/ewaste-682059.html,2026-04-18,
https://ewastekochi.com/ml/locations/ewaste-682208.html,2026-04-18,
https://ewastekochi.com/buyback/phones/sell-oneplus-13t-kochi.html,2026-04-18,
https://ewastekochi.com/ml/buyback/laptops/sell-dell-latitude-5464-kochi.html,2026-04-17,
https://ewastekochi.com/buyback/phones/sell-oneplus-4-pro-kochi.html,2026-04-17,
https://ewastekochi.com/ml/buyback/laptops/sell-thinkpad-t439s-kochi.html,2026-04-17,
https://ewastekochi.com/ml/buyback/laptops/sell-hp-elitebook-874-kochi.html,2026-04-17,
https://ewastekochi.com/ml/buyback/laptops/sell-dell-latitude-5466-kochi.html,2026-04-17,
https://www.ewastekochi.com/locations/thrikkakara/data-destruction-kochi,2026-04-17,
https://www.ewastekochi.com/locations/kottayam/e-waste-recycling-kochi,2026-04-17,
https://ewastekochi.com/buyback/laptops/sell-hp-elitebook-871-kochi.html,2026-04-17,
https://ewastekochi.com/ml/locations/ewaste-682063.html,2026-04-17,
https://ewastekochi.com/ml/buyback/laptops/sell-hp-elitebook-853-kochi.html,2026-04-17,
https://ewastekochi.com/ml/buyback/phones/sell-google-pixel-15-pro-kochi.html,2026-04-17,
https://ewastekochi.com/locations/ewaste-682231.html,2026-04-17,
https://ewastekochi.com/locations/ewaste-682246.html,2026-04-17,
https://ewastekochi.com/locations/ewaste-682090.html,2026-04-17,
https://ewastekochi.com/locations/ewaste-682012.html,2026-04-17,
https://ewastekochi.com/buyback/laptops/sell-asus-rog-zephyrus-g110-kochi,2026-04-14,
https://ewastekochi.com/ml/buyback/laptops/sell-thinkpad-t500s-kochi.html,2026-04-14,
https://ewastekochi.com/ml/buyback/laptops/sell-thinkpad-t422s-kochi.html,2026-04-14,
https://ewastekochi.com/locations/ewaste-ravipuram.html,2026-04-14,
https://ewastekochi.com/buyback/laptops/sell-thinkpad-t483s-kochi.html,2026-04-14,
https://ewastekochi.com/locations/ewaste-682085,2026-04-14,
https://ewastekochi.com/locations/ewaste-682186,2026-04-14,
https://ewastekochi.com/itad-kochi.html,2026-04-14,
https://ewastekochi.com/locations/ewaste-682002,2026-04-14,
https://ewastekochi.com/buyback/laptops/sell-hp-elitebook-923-kochi.html,2026-04-14,
https://ewastekochi.com/ml/locations/ewaste-682125.html,2026-04-14,
https://ewastekochi.com/buyback/phones/sell-xiaomi-redmi-note-8-kochi.html,2026-04-13,
https://ewastekochi.com/ml/buyback/phones/sell-iphone-15-kochi.html,2026-04-13,
https://ewastekochi.com/ml/locations/ewaste-682014.html,2026-04-13,
https://ewastekochi.com/locations/ewaste-682181.html,2026-04-13,
https://ewastekochi.com/buyback/office-it-clearance-kochi.html,2026-04-13,
https://ewastekochi.com/locations/ewaste-682082.html,2026-04-13,
https://ewastekochi.com/get-instant-quote.html,2026-04-13,
https://ewastekochi.com/ml/buyback/laptops/sell-hp-elitebook-908-kochi.html,2026-04-13,
https://ewastekochi.com/ml/locations/ewaste-682116.html,2026-04-13,
https://ewastekochi.com/ml/locations/ewaste-682004.html,2026-04-13,
https://ewastekochi.com/buyback/laptops/sell-thinkpad-t428s-kochi.html,2026-04-13,
https://ewastekochi.com/buyback/laptops/sell-microsoft-surface-pro-8-kochi.html,2026-04-13,
https://ewastekochi.com/buyback/laptops/sell-dell-latitude-5018-kochi.html,2026-04-13,
https://ewastekochi.com/ml/locations/ewaste-infopark.html,2026-04-13,
https://ewastekochi.com/ml/locations/ewaste-682126.html,2026-04-13,
https://ewastekochi.com/buyback/laptops/sell-hp-elitebook-852-kochi.html,2026-04-13,
https://ewastekochi.com/buyback/laptops/sell-thinkpad-t419p-kochi.html,2026-04-13,
https://ewastekochi.com/ml/locations/ewaste-682176.html,2026-04-13,
https://ewastekochi.com/ml/buyback/laptops/sell-dell-latitude-5413-kochi.html,2026-04-13,
https://ewastekochi.com/ml/locations/ewaste-682131.html,2026-04-13,
https://ewastekochi.com/buyback/laptops/sell-thinkpad-t425-kochi.html,2026-04-13,
https://ewastekochi.com/buyback/laptops/sell-dell-latitude-5479-kochi.html,2026-04-13,
https://ewastekochi.com/buyback/laptops/sell-dell-latitude-5457-kochi.html,2026-04-13,
https://ewastekochi.com/buyback/laptops/sell-thinkpad-t436p-kochi.html,2026-04-13,
https://ewastekochi.com/buyback/laptops/sell-thinkpad-t481s-kochi.html,2026-04-13,
https://ewastekochi.com/buyback/laptops/sell-asus-rog-zephyrus-g12-kochi.html,2026-04-13,
https://ewastekochi.com/buyback/phones/sell-samsung-galaxy-a17-kochi.html,2026-04-13,
https://ewastekochi.com/buyback/phones/sell-xiaomi-redmi-note-9-kochi.html,2026-04-13,
https://ewastekochi.com/ml/locations/ewaste-682042.html,2026-04-13,
https://ewastekochi.com/ml/locations/ewaste-muvattupuzha.html,2026-04-13,
https://ewastekochi.com/ml/locations/ewaste-682249.html,2026-04-13,
https://ewastekochi.com/ml/locations/ewaste-682229.html,2026-04-13,
https://ewastekochi.com/buyback/laptops/sell-asus-rog-zephyrus-g10-kochi.html,2026-04-13,
https://ewastekochi.com/buyback/laptops/sell-hp-elitebook-911-kochi.html,2026-04-13,
https://ewastekochi.com/ml/buyback/laptops/sell-hp-elitebook-934-kochi.html,2026-04-13,
https://ewastekochi.com/buyback/laptops/sell-dell-latitude-7408-kochi.html,2026-04-13,
https://ewastekochi.com/buyback/laptops/sell-thinkpad-t482s-kochi.html,2026-04-13,
https://ewastekochi.com/ml/locations/ewaste-682191.html,2026-04-13,
https://ewastekochi.com/buyback/laptops/sell-microsoft-surface-pro-0-kochi.html,2026-04-13,
https://ewastekochi.com/locations/ewaste-682127,2026-04-13,
https://ewastekochi.com/buyback/laptops/sell-dell-latitude-5418-kochi.html,2026-04-13,
https://ewastekochi.com/buyback/phones/sell-samsung-s11-ultra-kochi.html,2026-04-13,
https://ewastekochi.com/buyback/laptops/sell-hp-elitebook-928-kochi.html,2026-04-13,
https://ewastekochi.com/locations/ewaste-682099.html,2026-04-13,
https://ewastekochi.com/buyback/phones/sell-iphone-9-kochi.html,2026-04-13,
https://ewastekochi.com/buyback/laptops/sell-thinkpad-t430s-kochi.html,2026-04-13,
https://ewastekochi.com/buyback/laptops/sell-thinkpad-t449p-kochi.html,2026-04-13,
https://ewastekochi.com/buyback/laptops/sell-dell-latitude-7456-kochi.html,2026-04-13,
https://ewastekochi.com/ml/locations/ewaste-682144.html,2026-04-13,
https://ewastekochi.com/buyback/phones/sell-samsung-galaxy-a24-kochi.html,2026-04-13,
https://ewastekochi.com/buyback/laptops/sell-dell-latitude-5488-kochi.html,2026-04-13,
https://ewastekochi.com/ml/locations/ewaste-682185.html,2026-04-13,
https://ewastekochi.com/buyback/phones/sell-google-pixel-13-pro-kochi.html,2026-04-13,
https://ewastekochi.com/locations/ewaste-682154.html,2026-04-13,
https://ewastekochi.com/locations/ewaste-682081.html,2026-04-13,
https://ewastekochi.com/locations/ewaste-682221.html,2026-04-13,
https://ewastekochi.com/ml/locations/ewaste-682084.html,2026-04-13,
https://ewastekochi.com/buyback/phones/sell-samsung-s8-ultra-kochi.html,2026-04-13,
https://ewastekochi.com/buyback/laptops/sell-macbook-pro-m3-pro-kochi.html,2026-04-13,
https://ewastekochi.com/ml/locations/ewaste-682238.html,2026-04-13,
https://ewastekochi.com/buyback/laptops/sell-thinkpad-t430p-kochi.html,2026-04-13,
https://ewastekochi.com/ml/locations/ewaste-682074.html,2026-04-13,
https://ewastekochi.com/buyback/laptops/sell-dell-latitude-5491-kochi.html,2026-04-13,
https://ewastekochi.com/buyback/laptops/sell-thinkpad-t457p-kochi.html,2026-04-13,
https://ewastekochi.com/ml/buyback/laptops/sell-thinkpad-t487s-kochi.html,2026-04-13,
https://ewastekochi.com/buyback/phones/sell-oneplus-11-pro-kochi.html,2026-04-13,
https://ewastekochi.com/ml/buyback/laptops/sell-dell-latitude-5432-kochi.html,2026-04-13,
https://ewastekochi.com/buyback/phones/sell-iphone-12-plus-kochi.html,2026-04-13,
https://ewastekochi.com/buyback/laptops/sell-dell-latitude-5438-kochi.html,2026-04-13,
https://ewastekochi.com/locations/ewaste-682189.html,2026-04-13,
https://ewastekochi.com/blog/dpdp-act-impact-startups.html,2026-04-13,
https://ewastekochi.com/blog/where-sell-old-phone-kochi.html,2026-04-13,
https://ewastekochi.com/buyback/laptops/sell-thinkpad-t406s-kochi.html,2026-04-13,
https://ewastekochi.com/locations/ewaste-angamaly.html,2026-04-13,
https://ewastekochi.com/buyback/phones/sell-samsung-galaxy-s8-ultra-kochi.html,2026-04-13,
https://ewastekochi.com/ml/locations/ewaste-682219.html,2026-04-13,
https://ewastekochi.com/buyback/phones/sell-iphone-5-pro-kochi.html,2026-04-13,
https://ewastekochi.com/buyback/laptops/sell-hp-elitebook-921-kochi.html,2026-04-13,
https://ewastekochi.com/ml/locations/ewaste-682224.html,2026-04-13,
https://ewastekochi.com/buyback/laptops/sell-thinkpad-t405-kochi.html,2026-04-13,
https://ewastekochi.com/buyback/laptops/sell-thinkpad-t423-kochi.html,2026-04-13,
https://ewastekochi.com/ml/locations/ewaste-682194.html,2026-04-13,
https://ewastekochi.com/buyback/laptops/sell-dell-latitude-5021-kochi.html,2026-04-13,
https://ewastekochi.com/buyback/phones/sell-iphone-8-kochi.html,2026-04-13,
https://ewastekochi.com/buyback/phones/sell-poco-10-pro-kochi.html,2026-04-13,
https://ewastekochi.com/buyback/phones/sell-iphone-2-pro-kochi.html,2026-04-13,
https://ewastekochi.com/buyback/laptops/sell-dell-latitude-5404-kochi.html,2026-04-13,
https://ewastekochi.com/buyback/laptops/sell-hp-elitebook-864-kochi.html,2026-04-13,
https://ewastekochi.com/ml/buyback/laptops/sell-dell-latitude-5437-kochi.html,2026-04-13,
https://ewastekochi.com/buyback/laptops/sell-dell-latitude-5473-kochi.html,2026-04-13,
https://ewastekochi.com/ml/buyback/laptops/sell-dell-latitude-5483-kochi.html,2026-04-13,
https://ewastekochi.com/buyback/laptops/sell-dell-latitude-7423-kochi.html,2026-04-13,
https://ewastekochi.com/buyback/phones/sell-samsung-s7-ultra-kochi.html,2026-04-13,
https://ewastekochi.com/buyback/laptops/sell-thinkpad-t448p-kochi.html,2026-04-13,
https://ewastekochi.com/ml/locations/ewaste-682188.html,2026-04-13,
https://ewastekochi.com/buyback/laptops/sell-dell-latitude-5003-kochi.html,2026-04-13,
https://ewastekochi.com/ml/buyback/laptops/sell-hp-elitebook-885-kochi.html,2026-04-13,
https://ewastekochi.com/ml/buyback/laptops/sell-dell-latitude-5487-kochi.html,2026-04-13,
https://ewastekochi.com/ml/buyback/laptops/sell-hp-elitebook-911-kochi.html,2026-04-13,
https://ewastekochi.com/ml/buyback/phones/sell-xiaomi-redmi-note-17-kochi.html,2026-04-13,
https://ewastekochi.com/ml/buyback/laptops/sell-thinkpad-t464s-kochi.html,2026-04-13,
https://ewastekochi.com/locations/ewaste-kakkanad.html,2026-04-13,
https://ewastekochi.com/locations/ewaste-682076.html,2026-04-13,
https://ewastekochi.com/locations/ewaste-682089.html,2026-04-13,
https://ewastekochi.com/buyback/laptops/sell-dell-latitude-5462-kochi.html,2026-04-13,
https://ewastekochi.com/ml/locations/ewaste-682170.html,2026-04-13,
https://ewastekochi.com/buyback/laptops/sell-dell-latitude-5460-kochi.html,2026-04-13,
https://ewastekochi.com/buyback/laptops/sell-thinkpad-t431p-kochi.html,2026-04-13,
https://ewastekochi.com/buyback/phones/sell-iphone-9-pro-max-kochi.html,2026-04-13,
https://ewastekochi.com/ml/locations/ewaste-682212.html,2026-04-13,
https://ewastekochi.com/buyback/laptops/sell-hp-elitebook-843-kochi.html,2026-04-13,
https://ewastekochi.com/buyback/phones/sell-oneplus-8t-kochi.html,2026-04-13,
https://ewastekochi.com/ml/locations/ewaste-682086.html,2026-04-13,
https://ewastekochi.com/buyback/laptops/sell-dell-latitude-5431-kochi.html,2026-04-13,
https://ewastekochi.com/buyback/laptops/sell-macbook-air-m2-kochi.html,2026-04-13,
https://ewastekochi.com/buyback/laptops/sell-dell-latitude-5016-kochi.html,2026-04-13,
https://ewastekochi.com/ml/locations/ewaste-682049.html,2026-04-13,
https://ewastekochi.com/ml/locations/ewaste-682151.html,2026-04-13,
https://ewastekochi.com/buyback/phones/sell-nothing-phone-3-kochi.html,2026-04-13,
https://ewastekochi.com/ml/locations/ewaste-682100.html,2026-04-13,
https://ewastekochi.com/ml/locations/ewaste-682035.html,2026-04-13,
https://ewastekochi.com/buyback/phones/sell-iphone-3-kochi.html,2026-04-13,
https://ewastekochi.com/ml/locations/ewaste-682024.html,2026-04-13,
https://ewastekochi.com/buyback/laptops/sell-dell-latitude-5417-kochi.html,2026-04-13,
https://ewastekochi.com/buyback/laptops/sell-thinkpad-t452p-kochi.html,2026-04-13,
https://ewastekochi.com/buyback/laptops/sell-dell-latitude-5445-kochi.html,2026-04-13,
https://ewastekochi.com/buyback/phones/sell-samsung-a75-kochi.html,2026-04-13,
https://ewastekochi.com/buyback/laptops/sell-thinkpad-t411s-kochi.html,2026-04-13,
https://ewastekochi.com/ml/locations/ewaste-682153.html,2026-04-13,
https://ewastekochi.com/buyback/laptops/sell-dell-latitude-5422-kochi.html,2026-04-13,
https://ewastekochi.com/ml/locations/ewaste-682192.html,2026-04-13,
https://ewastekochi.com/buyback/laptops/sell-dell-latitude-5035-kochi.html,2026-04-13,
https://ewastekochi.com/buyback/phones/sell-iphone-15-pro-max-kochi.html,2026-04-13,
https://ewastekochi.com/buyback/laptops/sell-thinkpad-t428p-kochi.html,2026-04-13,
https://ewastekochi.com/ml/locations/ewaste-682010.html,2026-04-13,
https://ewastekochi.com/locations/ewaste-682116.html,2026-04-13,
https://ewastekochi.com/locations/ewaste-682035.html,2026-04-13,
https://ewastekochi.com/buyback/laptops/sell-thinkpad-t432-kochi.html,2026-04-13,
https://ewastekochi.com/locations/ewaste-682179.html,2026-04-13,
https://ewastekochi.com/buyback/laptops/sell-hp-elitebook-875-kochi.html,2026-04-13,
https://ewastekochi.com/ml/locations/ewaste-682155.html,2026-04-13,
https://ewastekochi.com/buyback/laptops/sell-dell-latitude-5023-kochi.html,2026-04-13,
https://ewastekochi.com/ml/buyback/laptops/sell-dell-latitude-5410-kochi.html,2026-04-13,
https://ewastekochi.com/buyback/laptops/sell-thinkpad-t474s-kochi.html,2026-04-13,
https://ewastekochi.com/buyback/laptops/sell-dell-latitude-5007-kochi.html,2026-04-13,
https://ewastekochi.com/buyback/laptops/sell-hp-elitebook-891-kochi.html,2026-04-13,
https://ewastekochi.com/ml/locations/ewaste-682167.html,2026-04-13,
https://ewastekochi.com/buyback/laptops/sell-dell-latitude-5471-kochi.html,2026-04-13,
https://ewastekochi.com/ml/locations/ewaste-682016.html,2026-04-13,
https://ewastekochi.com/buyback/laptops/sell-thinkpad-t432p-kochi.html,2026-04-13,
https://ewastekochi.com/buyback/laptops/sell-dell-latitude-5420-kochi.html,2026-04-13,
https://ewastekochi.com/buyback/laptops/sell-hp-elitebook-884-kochi.html,2026-04-13,
https://ewastekochi.com/locations/ewaste-682009.html,2026-04-13,
https://ewastekochi.com/locations/ewaste-682026.html,2026-04-13,
https://ewastekochi.com/ml/buyback/laptops/sell-hp-elitebook-860-kochi.html,2026-04-13,
https://ewastekochi.com/buyback/phones/sell-iphone-1-pro-kochi.html,2026-04-13,
https://ewastekochi.com/buyback/laptops/sell-hp-elitebook-890-kochi.html,2026-04-13,
https://ewastekochi.com/buyback/laptops/sell-thinkpad-t459p-kochi.html,2026-04-13,
https://ewastekochi.com/buyback/phones/sell-iphone-4-kochi.html,2026-04-13,
https://ewastekochi.com/ml/locations/ewaste-682161.html,2026-04-13,
https://ewastekochi.com/buyback/laptops/sell-thinkpad-t473s-kochi.html,2026-04-13,
https://ewastekochi.com/ml/locations/ewaste-682002.html,2026-04-13,
https://ewastekochi.com/buyback/phones/sell-iphone-14-plus-kochi.html,2026-04-13,
https://ewastekochi.com/buyback/phones/sell-nothing-phone-1-kochi.html,2026-04-13,
https://ewastekochi.com/ml/buyback/laptops/sell-hp-elitebook-937-kochi.html,2026-04-13,
https://ewastekochi.com/ml/locations/ewaste-682098.html,2026-04-13,
https://ewastekochi.com/ml/locations/ewaste-682163.html,2026-04-13,
https://ewastekochi.com/buyback/laptops/sell-hp-elitebook-930-kochi.html,2026-04-13,
https://ewastekochi.com/ml/buyback/laptops/sell-thinkpad-t476s-kochi.html,2026-04-13,
https://ewastekochi.com/buyback/phones/sell-samsung-s13-ultra-kochi.html,2026-04-13,
https://ewastekochi.com/locations/ewaste-682095.html,2026-04-13,
https://ewastekochi.com/locations/ewaste-682196.html,2026-04-13,
https://ewastekochi.com/locations/ewaste-682229.html,2026-04-13,
https://ewastekochi.com/ml/buyback/phones/sell-samsung-galaxy-a19-kochi.html,2026-04-13,
https://ewastekochi.com/buyback/laptops/sell-dell-latitude-5493-kochi.html,2026-04-13,
https://ewastekochi.com/buyback/phones/sell-oneplus-12-kochi.html,2026-04-13,
https://ewastekochi.com/buyback/laptops/sell-macbook-pro-15-kochi.html,2026-04-13,
https://ewastekochi.com/buyback/laptops/sell-hp-elitebook-854-kochi.html,2026-04-13,
https://ewastekochi.com/buyback/laptops/sell-dell-latitude-7424-kochi.html,2026-04-13,
https://ewastekochi.com/ml/buyback/laptops/sell-thinkpad-t443s-kochi.html,2026-04-13,
https://ewastekochi.com/ml/locations/ewaste-682022.html,2026-04-13,
https://ewastekochi.com/ml/buyback/laptops/sell-thinkpad-t413s-kochi.html,2026-04-13,
https://ewastekochi.com/buyback/phones/sell-google-pixel-9-pro-kochi.html,2026-04-13,
https://ewastekochi.com/ml/buyback/laptops/sell-hp-elitebook-864-kochi.html,2026-04-13,
https://ewastekochi.com/ml/buyback/laptops/sell-thinkpad-t478s-kochi.html,2026-04-13,
https://ewastekochi.com/locations/ewaste-682126.html,2026-04-13,
https://ewastekochi.com/locations/ewaste-682150.html,2026-04-13,
https://ewastekochi.com/locations/ewaste-682170.html,2026-04-13,
https://ewastekochi.com/locations/ewaste-682083.html,2026-04-13,
https://ewastekochi.com/compliance/nist-800-88-explained.html,2026-04-13,
https://ewastekochi.com/buyback/laptops/sell-thinkpad-t407p-kochi.html,2026-04-13,
https://ewastekochi.com/locations/ewaste-okkal.html,2026-04-13,
https://ewastekochi.com/ml/locations/ewaste-682025.html,2026-04-13,
https://ewastekochi.com/buyback/laptops/sell-thinkpad-t409p-kochi.html,2026-04-13,
https://ewastekochi.com/buyback/laptops/sell-thinkpad-t427-kochi.html,2026-04-13,
https://ewastekochi.com/ml/buyback/phones/sell-google-pixel-13-pro-kochi.html,2026-04-13,
https://ewastekochi.com/ml/locations/ewaste-682034.html,2026-04-13,
https://ewastekochi.com/itad/services/sell-ups-batteries-kochi.html,2026-04-13,
https://ewastekochi.com/buyback/phones/sell-samsung-a125-kochi.html,2026-04-13,
https://ewastekochi.com/buyback/laptops/sell-hp-elitebook-901-kochi.html,2026-04-13,
https://ewastekochi.com/ml/buyback/laptops/sell-hp-elitebook-842-kochi.html,2026-04-13,
https://ewastekochi.com/ml/locations/ewaste-682047.html,2026-04-13,
https://ewastekochi.com/ml/locations/ewaste-682223.html,2026-04-13,
https://ewastekochi.com/buyback/laptops/sell-dell-latitude-7449-kochi.html,2026-04-13,
https://ewastekochi.com/locations/ewaste-north-paravur.html,2026-04-13,
https://ewastekochi.com/locations/ewaste-682028.html,2026-04-13,
https://ewastekochi.com/buyback/phones/sell-samsung-galaxy-s12-ultra-kochi.html,2026-04-13,
https://ewastekochi.com/buyback/phones/sell-poco-9-pro-kochi.html,2026-04-13,
https://ewastekochi.com/ml/buyback/laptops/sell-dell-latitude-5497-kochi.html,2026-04-13,
https://ewastekochi.com/ml/buyback/laptops/sell-thinkpad-t499s-kochi.html,2026-04-13,
https://ewastekochi.com/locations/ewaste-682037.html,2026-04-13,
https://ewastekochi.com/buyback/laptops/sell-thinkpad-t466s-kochi.html,2026-04-13,
https://ewastekochi.com/ml/locations/ewaste-682101.html,2026-04-13,
https://ewastekochi.com/buyback/phones/sell-oneplus-15t-kochi.html,2026-04-13,
https://ewastekochi.com/ml/buyback/laptops/sell-thinkpad-t449s-kochi.html,2026-04-13,
https://ewastekochi.com/locations/ewaste-thammanam.html,2026-04-13,
https://ewastekochi.com/ml/buyback/phones/sell-iphone-9-kochi.html,2026-04-13,
https://ewastekochi.com/ml/buyback/laptops/sell-dell-latitude-5404-kochi.html,2026-04-13,
https://ewastekochi.com/locations/ewaste-cheranallur.html,2026-04-13,
https://ewastekochi.com/locations/ewaste-682070.html,2026-04-13,
https://ewastekochi.com/buyback/laptops/sell-dell-latitude-7441-kochi.html,2026-04-13,
https://ewastekochi.com/locations/ewaste-682152.html,2026-04-13,
https://ewastekochi.com/buyback/laptops/sell-dell-latitude-7429-kochi.html,2026-04-13,
https://ewastekochi.com/ml/locations/ewaste-eramalloor.html,2026-04-13,
https://ewastekochi.com/ml/buyback/phones/sell-xiaomi-redmi-note-19-kochi.html,2026-04-13,
https://ewastekochi.com/ml/buyback/laptops/sell-dell-latitude-5425-kochi.html,2026-04-13,
https://ewastekochi.com/ml/buyback/laptops/sell-hp-elitebook-919-kochi.html,2026-04-13,
https://ewastekochi.com/ml/locations/ewaste-682065.html,2026-04-13,
https://ewastekochi.com/ml/buyback/laptops/sell-thinkpad-t496s-kochi.html,2026-04-13,
https://ewastekochi.com/locations/ewaste-682165.html,2026-04-13,
https://ewastekochi.com/locations/ewaste-mulanthuruthy.html,2026-04-13,
https://ewastekochi.com/locations/ewaste-682087.html,2026-04-13,
https://ewastekochi.com/buyback/laptops/sell-dell-latitude-5464-kochi.html,2026-04-13,
https://ewastekochi.com/buyback/laptops/sell-dell-latitude-5031-kochi.html,2026-04-13,
https://ewastekochi.com/buyback/laptops/sell-dell-latitude-5490-kochi.html,2026-04-13,
https://ewastekochi.com/ml/buyback/laptops/sell-hp-elitebook-888-kochi.html,2026-04-13,
https://ewastekochi.com/buyback/laptops/sell-thinkpad-t438p-kochi.html,2026-04-13,
https://ewastekochi.com/buyback/laptops/sell-dell-latitude-7457-kochi.html,2026-04-13,
https://ewastekochi.com/blog/laptop-data-wiping-software-vs-nist.html,2026-04-13,
https://ewastekochi.com/locations/ewaste-infopark.html,2026-04-13,
https://ewastekochi.com/ml/buyback/laptops/sell-hp-elitebook-870-kochi.html,2026-04-13,
https://ewastekochi.com/locations/ewaste-682172.html,2026-04-13,
https://ewastekochi.com/ml/buyback/laptops/sell-hp-elitebook-868-kochi.html,2026-04-13,
https://ewastekochi.com/ml/buyback/laptops/sell-hp-elitebook-906-kochi.html,2026-04-13,
https://ewastekochi.com/ml/buyback/laptops/sell-dell-latitude-5475-kochi.html,2026-04-13,
https://ewastekochi.com/ml/buyback/phones/sell-nothing-phone-1-kochi.html,2026-04-13,
https://ewastekochi.com/ml/buyback/laptops/sell-thinkpad-t431s-kochi.html,2026-04-13,
https://ewastekochi.com/ml/locations/ewaste-682111.html,2026-04-13,
https://ewastekochi.com/buyback/laptops/sell-hp-elitebook-855-kochi.html,2026-04-13,
https://ewastekochi.com/ml/buyback/laptops/sell-hp-elitebook-917-kochi.html,2026-04-13,
https://ewastekochi.com/buyback/laptops/sell-thinkpad-t439p-kochi.html,2026-04-13,
https://ewastekochi.com/ml/buyback/laptops/sell-dell-latitude-5451-kochi.html,2026-04-13,
https://ewastekochi.com/locations/ewaste-682010.html,2026-04-13,
https://ewastekochi.com/locations/ewaste-682069.html,2026-04-13,
https://ewastekochi.com/locations/ewaste-682143.html,2026-04-13,
https://ewastekochi.com/ml/buyback/laptops/sell-hp-elitebook-852-kochi.html,2026-04-13,
https://ewastekochi.com/buyback/sell-water-damaged-macbook-kochi.html,2026-04-13,
https://ewastekochi.com/locations/ewaste-682207.html,2026-04-13,
https://ewastekochi.com/ml/buyback/phones/sell-google-pixel-9-pro-kochi.html,2026-04-13,
https://ewastekochi.com/ml/locations/ewaste-tripunithura.html,2026-04-13,
https://ewastekochi.com/ml/locations/ewaste-cheranallur.html,2026-04-13,
https://ewastekochi.com/buyback/laptops/sell-macbook-pro-14-kochi.html,2026-04-13,
https://ewastekochi.com/ml/buyback/laptops/sell-hp-elitebook-866-kochi.html,2026-04-13,
https://ewastekochi.com/ml/buyback/phones/sell-iphone-12-pro-max-kochi.html,2026-04-13,
https://ewastekochi.com/ml/buyback/phones/sell-samsung-galaxy-a22-kochi.html,2026-04-13,
https://ewastekochi.com/ml/buyback/laptops/sell-dell-latitude-5482-kochi.html,2026-04-13,
https://ewastekochi.com/ml/locations/ewaste-682121.html,2026-04-13,
https://ewastekochi.com/locations/ewaste-cheranalloor.html,2026-04-13,
https://ewastekochi.com/ml/locations/ewaste-682193.html,2026-04-13,
https://ewastekochi.com/ml/locations/ewaste-682018.html,2026-04-13,
https://ewastekochi.com/locations/ewaste-682210.html,2026-04-13,
https://ewastekochi.com/locations/ewaste-682092.html,2026-04-13,
https://ewastekochi.com/ml/locations/ewaste-682114.html,2026-04-13,
https://ewastekochi.com/buyback/laptops/sell-dell-latitude-5483-kochi.html,2026-04-13,
https://ewastekochi.com/buyback/laptops/sell-thinkpad-t468s-kochi.html,2026-04-13,
https://ewastekochi.com/ml/buyback/laptops/sell-dell-latitude-5415-kochi.html,2026-04-13,
https://ewastekochi.com/ml/buyback/laptops/sell-dell-latitude-5473-kochi.html,2026-04-13,
https://ewastekochi.com/ml/buyback/laptops/sell-thinkpad-t495s-kochi.html,2026-04-13,
https://ewastekochi.com/buyback/laptops/sell-dell-latitude-5020-kochi.html,2026-04-13,
https://ewastekochi.com/ml/buyback/laptops/sell-hp-elitebook-856-kochi.html,2026-04-13,
https://ewastekochi.com/buyback/laptops/sell-thinkpad-t436s-kochi.html,2026-04-13,
https://ewastekochi.com/locations/ewaste-682136.html,2026-04-13,
https://ewastekochi.com/buyback/laptops/sell-thinkpad-t402s-kochi.html,2026-04-13,
https://ewastekochi.com/ml/buyback/laptops/sell-dell-latitude-5498-kochi.html,2026-04-13,
https://ewastekochi.com/itad/data-destruction-infopark.html,2026-04-13,
https://ewastekochi.com/ml/buyback/laptops/sell-hp-elitebook-862-kochi.html,2026-04-13,
https://ewastekochi.com/ml/buyback/laptops/sell-thinkpad-t491s-kochi.html,2026-04-13,
https://ewastekochi.com/ml/buyback/laptops/sell-dell-latitude-5438-kochi.html,2026-04-13,
https://ewastekochi.com/ml/locations/ewaste-kaloor.html,2026-04-13,
https://ewastekochi.com/ml/buyback/laptops/sell-thinkpad-t468s-kochi.html,2026-04-13,
https://ewastekochi.com/ml/buyback/phones/sell-oneplus-15-pro-kochi.html,2026-04-13,
https://ewastekochi.com/ml/buyback/laptops/sell-asus-rog-zephyrus-g17-kochi.html,2026-04-13,
https://ewastekochi.com/locations/ewaste-682162.html,2026-04-13,
https://ewastekochi.com/ml/buyback/laptops/sell-hp-elitebook-936-kochi.html,2026-04-13,
https://ewastekochi.com/locations/ewaste-682192.html,2026-04-13,
https://ewastekochi.com/buyback/laptops/sell-dell-latitude-5429-kochi.html,2026-04-13,
https://ewastekochi.com/ml/locations/ewaste-682187.html,2026-04-13,
https://ewastekochi.com/buyback/laptops/sell-thinkpad-t440s-kochi.html,2026-04-13,
https://ewastekochi.com/ml/locations/ewaste-682226.html,2026-04-13,
https://ewastekochi.com/buyback/phones/sell-iphone-10-kochi.html,2026-04-13,
https://ewastekochi.com/ml/buyback/phones/sell-samsung-galaxy-s10-ultra-kochi.html,2026-04-13,
https://ewastekochi.com/ml/buyback/laptops/sell-dell-latitude-5406-kochi.html,2026-04-13,
https://ewastekochi.com/ml/locations/ewaste-682073.html,2026-04-13,
https://ewastekochi.com/ml/locations/ewaste-thrippunithura.html,2026-04-13,
https://ewastekochi.com/ml/buyback/phones/sell-oneplus-10-pro-kochi.html,2026-04-13,
https://ewastekochi.com/buyback/laptops/sell-hp-elitebook-915-kochi.html,2026-04-13,
https://ewastekochi.com/ml/locations/ewaste-682058.html,2026-04-13,
https://ewastekochi.com/ml/buyback/laptops/sell-dell-latitude-5457-kochi.html,2026-04-13,
https://ewastekochi.com/ml/buyback/laptops/sell-thinkpad-t418s-kochi.html,2026-04-13,
https://ewastekochi.com/ml/buyback/laptops/sell-hp-elitebook-916-kochi.html,2026-04-13,
https://ewastekochi.com/ml/buyback/laptops/sell-dell-latitude-5450-kochi.html,2026-04-13,
https://ewastekochi.com/locations/ewaste-eramalloor.html,2026-04-13,
https://ewastekochi.com/buyback/laptops/sell-thinkpad-t418-kochi.html,2026-04-13,
https://ewastekochi.com/buyback/laptops/sell-dell-latitude-5012-kochi.html,2026-04-13,
https://ewastekochi.com/buyback/laptops/sell-dell-latitude-5486-kochi.html,2026-04-13,
https://ewastekochi.com/buyback/laptops/sell-thinkpad-t447p-kochi.html,2026-04-13,
https://ewastekochi.com/buyback/laptops/sell-asus-rog-zephyrus-g115-kochi.html,2026-04-13,
https://ewastekochi.com/buyback/laptops/sell-dell-latitude-5408-kochi.html,2026-04-13,
https://ewastekochi.com/buyback/laptops/sell-hp-elitebook-889-kochi.html,2026-04-13,
https://ewastekochi.com/buyback/laptops/sell-thinkpad-t454p-kochi.html,2026-04-13,
https://ewastekochi.com/ml/locations/ewaste-kochi.html,2026-04-13,
https://ewastekochi.com/buyback/laptops/sell-thinkpad-t424p-kochi.html,2026-04-13,
https://ewastekochi.com/buyback/phones/sell-samsung-a105-kochi.html,2026-04-13,
https://ewastekochi.com/ml/buyback/laptops/sell-dell-latitude-5431-kochi.html,2026-04-13,
https://ewastekochi.com/ml/locations/ewaste-thammanam.html,2026-04-13,
https://ewastekochi.com/buyback/laptops/sell-thinkpad-t425s-kochi.html,2026-04-13,
https://ewastekochi.com/buyback/phones/sell-oneplus-12t-kochi.html,2026-04-13,
https://ewastekochi.com/ml/locations/ewaste-682248.html,2026-04-13,
https://ewastekochi.com/buyback/laptops/sell-thinkpad-t408p-kochi.html,2026-04-13,
https://ewastekochi.com/locations/ewaste-682151.html,2026-04-13,
https://ewastekochi.com/locations/ewaste-682003.html,2026-04-13,
https://ewastekochi.com/locations/ewaste-682058.html,2026-04-13,
https://ewastekochi.com/locations/ewaste-682177.html,2026-04-13,
https://ewastekochi.com/buyback/phones/sell-iphone-11-pro-kochi.html,2026-04-13,
https://ewastekochi.com/ml/locations/ewaste-682138.html,2026-04-13,
https://ewastekochi.com/buyback/phones/sell-samsung-s24-kochi.html,2026-04-13,
https://ewastekochi.com/buyback/phones/sell-nothing-phone-4-kochi.html,2026-04-13,
https://ewastekochi.com/buyback/laptops/sell-thinkpad-t433-kochi.html,2026-04-13,
https://ewastekochi.com/buyback/laptops/sell-thinkpad-t499s-kochi.html,2026-04-13,
https://ewastekochi.com/buyback/laptops/sell-dell-latitude-5039-kochi.html,2026-04-13,
https://ewastekochi.com/ml/locations/ewaste-682044.html,2026-04-13,
https://ewastekochi.com/buyback/laptops/sell-dell-latitude-5004-kochi.html,2026-04-13,
https://ewastekochi.com/buyback/laptops/sell-thinkpad-t414p-kochi.html,2026-04-13,
https://ewastekochi.com/ml/buyback/phones/sell-samsung-galaxy-a23-kochi.html,2026-04-13,
https://ewastekochi.com/ml/buyback/phones/sell-nothing-phone-4-kochi.html,2026-04-13,
https://ewastekochi.com/ml/locations/ewaste-kalamassery.html,2026-04-13,
https://ewastekochi.com/locations/ewaste-682124.html,2026-04-13,
https://ewastekochi.com/locations/ewaste-682173.html,2026-04-13,
https://ewastekochi.com/locations/ewaste-vadavucode.html,2026-04-13,
https://ewastekochi.com/locations/ewaste-682135.html,2026-04-13,
https://ewastekochi.com/buyback/laptops/sell-dell-latitude-5465-kochi.html,2026-04-13,
https://ewastekochi.com/ml/locations/ewaste-682054.html,2026-04-13,
https://ewastekochi.com/ml/buyback/laptops/sell-dell-latitude-5430-kochi.html,2026-04-13,
https://ewastekochi.com/buyback/laptops/sell-dell-latitude-5446-kochi.html,2026-04-13,
https://ewastekochi.com/ml/buyback/laptops/sell-hp-elitebook-899-kochi.html,2026-04-13,
https://ewastekochi.com/buyback/laptops/sell-dell-latitude-5461-kochi.html,2026-04-13,
https://ewastekochi.com/buyback/laptops/sell-thinkpad-t459s-kochi.html,2026-04-13,
https://ewastekochi.com/ml/buyback/laptops/sell-dell-latitude-5416-kochi.html,2026-04-13,
https://ewastekochi.com/buyback/laptops/sell-thinkpad-t475s-kochi.html,2026-04-13,
https://ewastekochi.com/buyback/laptops/sell-hp-elitebook-859-kochi.html,2026-04-13,
https://ewastekochi.com/buyback/laptops/sell-dell-latitude-7411-kochi.html,2026-04-13,
https://ewastekochi.com/ml/buyback/laptops/sell-hp-elitebook-859-kochi.html,2026-04-13,
https://ewastekochi.com/ml/buyback/laptops/sell-thinkpad-t437s-kochi.html,2026-04-13,
https://ewastekochi.com/locations/ewaste-682245.html,2026-04-13,
https://ewastekochi.com/locations/ewaste-682241.html,2026-04-13,
https://ewastekochi.com/ml/locations/ewaste-682135.html,2026-04-13,
https://ewastekochi.com/ml/locations/ewaste-682215.html,2026-04-13,
https://ewastekochi.com/buyback/laptops/sell-thinkpad-t437s-kochi.html,2026-04-13,
https://ewastekochi.com/buyback/laptops/sell-thinkpad-x1-carbon-gen-12-kochi.html,2026-04-13,
https://ewastekochi.com/buyback/phones/sell-oneplus-6-pro-kochi.html,2026-04-13,
https://ewastekochi.com/ml/locations/ewaste-682078.html,2026-04-13,
https://ewastekochi.com/ml/buyback/laptops/sell-thinkpad-t463s-kochi.html,2026-04-13,
https://ewastekochi.com/locations/ewaste-682044.html,2026-04-13,
https://ewastekochi.com/itad/server-recycling-kochi.html,2026-04-13,
https://ewastekochi.com/locations/ewaste-682071.html,2026-04-13,
https://ewastekochi.com/itad/it-clearance-smartcity-kochi.html,2026-04-13,
https://ewastekochi.com/buyback/laptops/sell-dell-latitude-5424-kochi.html,2026-04-13,
https://ewastekochi.com/buyback/laptops/sell-thinkpad-t415p-kochi.html,2026-04-13,
https://ewastekochi.com/ml/locations/ewaste-682090.html,2026-04-13,
https://ewastekochi.com/ml/buyback/laptops/sell-thinkpad-t423s-kochi.html,2026-04-13,
https://ewastekochi.com/ml/buyback/phones/sell-iphone-10-kochi.html,2026-04-13,
https://ewastekochi.com/ml/buyback/laptops/sell-thinkpad-t457s-kochi.html,2026-04-13,
https://ewastekochi.com/locations/ewaste-682227.html,2026-04-13,
https://ewastekochi.com/ml/buyback/phones/sell-iphone-12-kochi.html,2026-04-13,
https://ewastekochi.com/ml/buyback/phones/sell-iphone-15-pro-kochi.html,2026-04-13,
https://ewastekochi.com/buyback/laptops/sell-dell-latitude-5430-kochi.html,2026-04-13,
https://ewastekochi.com/ml/buyback/laptops/sell-thinkpad-t466s-kochi.html,2026-04-13,
https://ewastekochi.com/ml/buyback/laptops/sell-hp-elitebook-909-kochi.html,2026-04-13,
https://ewastekochi.com/ml/buyback/laptops/sell-hp-elitebook-927-kochi.html,2026-04-13,
https://ewastekochi.com/security/hard-drive-shredding-kochi.html,2026-04-13,
https://ewastekochi.com/buyback/laptops/sell-hp-elitebook-869-kochi.html,2026-04-13,
https://ewastekochi.com/buyback/laptops/sell-dell-latitude-5019-kochi.html,2026-04-13,
https://ewastekochi.com/buyback/phones/sell-google-pixel-12-pro-kochi.html,2026-04-13,
https://ewastekochi.com/buyback/laptops/sell-dell-latitude-5426-kochi.html,2026-04-13,
https://ewastekochi.com/buyback/laptops/sell-thinkpad-t434p-kochi.html,2026-04-13,
https://ewastekochi.com/buyback/phones/sell-oneplus-10-pro-kochi.html,2026-04-13,
https://ewastekochi.com/buyback/laptops/sell-hp-elitebook-845-kochi.html,2026-04-13,
https://ewastekochi.com/ml/locations/ewaste-682197.html,2026-04-13,
https://ewastekochi.com/buyback/laptops/sell-dell-latitude-5450-kochi.html,2026-04-13,
https://ewastekochi.com/buyback/phones/sell-google-pixel-14-pro-kochi.html,2026-04-13,
https://ewastekochi.com/buyback/laptops/sell-dell-latitude-5013-kochi.html,2026-04-13,
https://ewastekochi.com/ml/locations/ewaste-682145.html,2026-04-13,
https://ewastekochi.com/ml/locations/ewaste-682102.html,2026-04-13,
https://ewastekochi.com/buyback/laptops/sell-thinkpad-t447s-kochi.html,2026-04-13,
https://ewastekochi.com/ml/locations/ewaste-682242.html,2026-04-13,
https://ewastekochi.com/ml/locations/ewaste-682246.html,2026-04-13,
https://ewastekochi.com/buyback/phones/sell-xiaomi-redmi-note-13-kochi.html,2026-04-13,
https://ewastekochi.com/buyback/laptops/sell-thinkpad-t489s-kochi.html,2026-04-13,
https://ewastekochi.com/buyback/laptops/sell-thinkpad-t418p-kochi.html,2026-04-13,
https://ewastekochi.com/buyback/laptops/sell-hp-elitebook-877-kochi.html,2026-04-13,
https://ewastekochi.com/ml/locations/ewaste-682210.html,2026-04-13,
https://ewastekochi.com/ml/buyback/laptops/sell-thinkpad-t441s-kochi.html,2026-04-13,
https://ewastekochi.com/ml/locations/ewaste-682160.html,2026-04-13,
https://ewastekochi.com/ml/buyback/laptops/sell-macbook-air-m2-kochi.html,2026-04-13,
https://ewastekochi.com/ml/buyback/laptops/sell-hp-elitebook-912-kochi.html,2026-04-13,
https://ewastekochi.com/ml/buyback/laptops/sell-dell-latitude-5461-kochi.html,2026-04-13,
https://ewastekochi.com/buyback/laptops/sell-dell-latitude-5022-kochi.html,2026-04-13,
https://ewastekochi.com/ml/buyback/laptops/sell-dell-latitude-5429-kochi.html,2026-04-13,
https://ewastekochi.com/buyback/laptops/sell-dell-latitude-5002-kochi.html,2026-04-13,
https://ewastekochi.com/buyback/laptops/sell-dell-latitude-7425-kochi.html,2026-04-13,
https://ewastekochi.com/buyback/laptops/sell-thinkpad-t404-kochi.html,2026-04-13,
https://ewastekochi.com/buyback/laptops/sell-dell-latitude-5038-kochi.html,2026-04-13,
https://ewastekochi.com/buyback/laptops/sell-dell-latitude-5415-kochi.html,2026-04-13,
https://ewastekochi.com/ml/buyback/laptops/sell-macbook-pro-m3-kochi.html,2026-04-13,
https://ewastekochi.com/ml/locations/ewaste-682221.html,2026-04-13,
https://ewastekochi.com/ml/locations/ewaste-682231.html,2026-04-13,
https://ewastekochi.com/buyback/laptops/sell-thinkpad-t492s-kochi.html,2026-04-13,
https://ewastekochi.com/ml/locations/ewaste-682232.html,2026-04-13,
https://ewastekochi.com/buyback/laptops/sell-hp-elitebook-894-kochi.html,2026-04-13,
https://ewastekochi.com/ml/locations/ewaste-682244.html,2026-04-13,
https://ewastekochi.com/buyback/phones/sell-xiaomi-redmi-note-7-kochi.html,2026-04-13,
https://ewastekochi.com/ml/buyback/laptops/sell-dell-latitude-5477-kochi.html,2026-04-13,
https://ewastekochi.com/buyback/phones/sell-samsung-galaxy-a25-kochi.html,2026-04-13,
https://ewastekochi.com/ml/locations/ewaste-682127.html,2026-04-13,
https://ewastekochi.com/buyback/laptops/sell-hp-elitebook-918-kochi.html,2026-04-13,
https://ewastekochi.com/ml/locations/ewaste-682013.html,2026-04-13,
https://ewastekochi.com/buyback/laptops/sell-hp-elitebook-936-kochi.html,2026-04-13,
https://ewastekochi.com/buyback/laptops/sell-thinkpad-t402p-kochi.html,2026-04-13,
https://ewastekochi.com/buyback/laptops/sell-thinkpad-t461s-kochi.html,2026-04-13,
https://ewastekochi.com/buyback/laptops/sell-thinkpad-t402-kochi.html,2026-04-13,
https://ewastekochi.com/buyback/laptops/sell-hp-elitebook-883-kochi.html,2026-04-13,
https://ewastekochi.com/buyback/laptops/sell-thinkpad-t413-kochi.html,2026-04-13,
https://ewastekochi.com/buyback/laptops/sell-thinkpad-t478s-kochi.html,2026-04-13,
https://ewastekochi.com/ml/buyback/laptops/sell-dell-latitude-5486-kochi.html,2026-04-13,
https://ewastekochi.com/buyback/phones/sell-google-pixel-8-kochi.html,2026-04-13,
https://ewastekochi.com/buyback/phones/sell-samsung-galaxy-s14-ultra-kochi.html,2026-04-13,
https://ewastekochi.com/buyback/laptops/sell-dell-latitude-7427-kochi.html,2026-04-13,
https://ewastekochi.com/blog/corporate-e-waste-policy-template-india.html,2026-04-13,
https://ewastekochi.com/locations/ewaste-chottanikkara.html,2026-04-13,
https://ewastekochi.com/locations/ewaste-682247.html,2026-04-13,
https://ewastekochi.com/locations/ewaste-682168.html,2026-04-13,
https://ewastekochi.com/ml/buyback/laptops/sell-thinkpad-t450s-kochi.html,2026-04-13,
https://ewastekochi.com/ml/buyback/laptops/sell-dell-latitude-5424-kochi.html,2026-04-13,
https://ewastekochi.com/ml/buyback/laptops/sell-hp-elitebook-892-kochi.html,2026-04-13,
https://ewastekochi.com/ml/buyback/laptops/sell-dell-latitude-5426-kochi.html,2026-04-13,
https://ewastekochi.com/ml/buyback/laptops/sell-dell-latitude-5462-kochi.html,2026-04-13,
https://ewastekochi.com/ml/buyback/laptops/sell-dell-latitude-5493-kochi.html,2026-04-13,
https://ewastekochi.com/ml/locations/ewaste-682032.html,2026-04-13,
https://ewastekochi.com/ml/buyback/phones/sell-iphone-13-kochi.html,2026-04-13,
https://ewastekochi.com/ml/buyback/laptops/sell-asus-rog-zephyrus-g16-kochi.html,2026-04-13,
https://ewastekochi.com/ml/buyback/laptops/sell-thinkpad-t475s-kochi.html,2026-04-13,
https://ewastekochi.com/ml/buyback/laptops/sell-thinkpad-t414s-kochi.html,2026-04-13,
https://ewastekochi.com/locations/ewaste-682038.html,2026-04-13,
https://ewastekochi.com/ml/buyback/laptops/sell-thinkpad-t410s-kochi.html,2026-04-13,
https://ewastekochi.com/ml/buyback/phones/sell-samsung-galaxy-s7-ultra-kochi.html,2026-04-13,
https://ewastekochi.com/locations/ewaste-682107.html,2026-04-13,
https://ewastekochi.com/ml/buyback/laptops/sell-thinkpad-t452s-kochi.html,2026-04-13,
https://ewastekochi.com/ml/buyback/laptops/sell-hp-elitebook-854-kochi.html,2026-04-13,
https://ewastekochi.com/ml/buyback/laptops/sell-thinkpad-t482s-kochi.html,2026-04-13,
https://ewastekochi.com/buyback/phones/sell-google-pixel-15-pro-kochi.html,2026-04-13,
https://ewastekochi.com/ml/buyback/laptops/sell-hp-elitebook-877-kochi.html,2026-04-13,
https://ewastekochi.com/ml/buyback/laptops/sell-dell-latitude-5427-kochi.html,2026-04-13,
https://ewastekochi.com/ml/buyback/phones/sell-iphone-11-pro-max-kochi.html,2026-04-13,
https://ewastekochi.com/ml/buyback/phones/sell-google-pixel-11-pro-kochi.html,2026-04-13,
https://ewastekochi.com/ml/buyback/laptops/sell-thinkpad-t421s-kochi.html,2026-04-13,
https://ewastekochi.com/ml/buyback/laptops/sell-dell-latitude-5456-kochi.html,2026-04-13,
https://ewastekochi.com/ml/buyback/laptops/sell-dell-latitude-5471-kochi.html,2026-04-13,
https://ewastekochi.com/locations/ewaste-682055.html,2026-04-13,
https://ewastekochi.com/locations/ewaste-muvattupuzha.html,2026-04-13,
https://ewastekochi.com/buyback/laptops/sell-dell-latitude-7422-kochi.html,2026-04-13,
https://ewastekochi.com/locations/ewaste-682228.html,2026-04-13,
https://ewastekochi.com/locations/ewaste-682200.html,2026-04-13,
https://ewastekochi.com/locations/ewaste-682164.html,2026-04-13,
https://ewastekochi.com/ml/buyback/laptops/sell-hp-elitebook-913-kochi.html,2026-04-13,
https://ewastekochi.com/ml/buyback/laptops/sell-hp-elitebook-861-kochi.html,2026-04-13,
https://ewastekochi.com/ml/buyback/laptops/sell-asus-rog-zephyrus-g14-kochi.html,2026-04-13,
https://ewastekochi.com/ml/buyback/laptops/sell-thinkpad-t416s-kochi.html,2026-04-13,
https://ewastekochi.com/ml/buyback/laptops/sell-thinkpad-t486s-kochi.html,2026-04-13,
https://ewastekochi.com/ml/buyback/phones/sell-oneplus-13-pro-kochi.html,2026-04-13,
https://ewastekochi.com/ml/buyback/phones/sell-nothing-phone-2-kochi.html,2026-04-13,
https://ewastekochi.com/ml/buyback/laptops/sell-thinkpad-t402s-kochi.html,2026-04-13,
https://ewastekochi.com/ml/buyback/laptops/sell-thinkpad-t426s-kochi.html,2026-04-13,
https://ewastekochi.com/ml/buyback/laptops/sell-thinkpad-t465s-kochi.html,2026-04-13,
https://ewastekochi.com/ml/buyback/laptops/sell-dell-latitude-5411-kochi.html,2026-04-13,
https://ewastekochi.com/ml/buyback/laptops/sell-hp-elitebook-907-kochi.html,2026-04-13,
https://ewastekochi.com/locations/ewaste-682218.html,2026-04-13,
https://ewastekochi.com/buyback/phones/sell-xiaomi-redmi-note-19-kochi.html,2026-04-13,
https://ewastekochi.com/ml/locations/ewaste-682019.html,2026-04-13,
https://ewastekochi.com/ml/locations/ewaste-682179.html,2026-04-13,
https://ewastekochi.com/buyback/phones/sell-oneplus-7t-kochi.html,2026-04-13,
https://ewastekochi.com/buyback/laptops/sell-thinkpad-t442p-kochi.html,2026-04-13,
https://ewastekochi.com/ml/locations/ewaste-682117.html,2026-04-13,
https://ewastekochi.com/buyback/laptops/sell-hp-elitebook-863-kochi.html,2026-04-13,
https://ewastekochi.com/ml/locations/ewaste-682064.html,2026-04-13,
https://ewastekochi.com/ml/locations/ewaste-682139.html,2026-04-13,
https://ewastekochi.com/ml/locations/ewaste-682222.html,2026-04-13,
https://ewastekochi.com/ml/locations/ewaste-682006.html,2026-04-13,
https://ewastekochi.com/buyback/sell-broken-laptop-kochi.html,2026-04-13,
https://ewastekochi.com/locations/ewaste-elamakkara.html,2026-04-13,
https://ewastekochi.com/services/laptop-disposal-edappally.html,2026-04-13,
https://ewastekochi.com/locations/ewaste-682190.html,2026-04-13,
https://ewastekochi.com/locations/ewaste-682161.html,2026-04-13,
https://ewastekochi.com/marketplace,2026-04-13,
https://ewastekochi.com/blog/itad-kakkanad.html,2026-04-13,
https://ewastekochi.com/locations/ewaste-682078.html,2026-04-13,
https://ewastekochi.com/ml/buyback/laptops/sell-thinkpad-t472s-kochi.html,2026-04-13,
https://ewastekochi.com/itad/corporate-itad-ernakulam.html,2026-04-13,
https://ewastekochi.com/locations/ewaste-682235.html,2026-04-13,
https://ewastekochi.com/services/it-asset-inventory-audit,2026-04-13,
https://ewastekochi.com/buyback/laptops/sell-dell-latitude-5467-kochi.html,2026-04-13,
https://ewastekochi.com/buyback/laptops/sell-asus-rog-zephyrus-g15-kochi.html,2026-04-13,
https://ewastekochi.com/buyback/laptops/sell-thinkpad-t424s-kochi.html,2026-04-13,
https://ewastekochi.com/buyback/laptops/sell-thinkpad-t434-kochi.html,2026-04-13,
https://ewastekochi.com/ml/locations/ewaste-682123.html,2026-04-13,
https://ewastekochi.com/buyback/laptops/sell-thinkpad-t403p-kochi.html,2026-04-13,
https://ewastekochi.com/ml/locations/ewaste-682029.html,2026-04-13,
https://ewastekochi.com/buyback/laptops/sell-thinkpad-t431-kochi.html,2026-04-13,
https://ewastekochi.com/ml/locations/ewaste-682205.html,2026-04-13,
https://ewastekochi.com/buyback/laptops/sell-dell-latitude-7412-kochi.html,2026-04-13,
https://ewastekochi.com/ml/locations/ewaste-682149.html,2026-04-13,
https://ewastekochi.com/buyback/phones/sell-samsung-note-3-kochi.html,2026-04-13,
https://ewastekochi.com/ml/locations/ewaste-perumbavoor.html,2026-04-13,
https://ewastekochi.com/locations/v2/e-waste-kakkanad.html,2026-04-13,
https://ewastekochi.com/ml/locations/ewaste-682118.html,2026-04-13,
https://ewastekochi.com/buyback/phones/sell-samsung-s23-ultra-kochi.html,2026-04-13,
https://ewastekochi.com/buyback/phones/sell-iphone-7-pro-kochi.html,2026-04-13,
https://ewastekochi.com/buyback/phones/sell-samsung-a155-kochi.html,2026-04-13,
https://ewastekochi.com/buyback/phones/sell-oneplus-15-pro-kochi.html,2026-04-13,
https://ewastekochi.com/buyback/laptops/sell-thinkpad-t410s-kochi.html,2026-04-13,
https://ewastekochi.com/ml/locations/ewaste-682247.html,2026-04-13,
https://ewastekochi.com/locations/v2/e-waste-aluva.html,2026-04-13,
https://ewastekochi.com/buyback/laptops/sell-dell-latitude-5427-kochi.html,2026-04-13,
https://ewastekochi.com/buyback/laptops/sell-dell-latitude-5414-kochi.html,2026-04-13,
https://ewastekochi.com/buyback/laptops/sell-thinkpad-t444p-kochi.html,2026-04-13,
https://ewastekochi.com/ml/locations/ewaste-682211.html,2026-04-13,
https://ewastekochi.com/buyback/laptops/sell-dell-latitude-5494-kochi.html,2026-04-13,
https://ewastekochi.com/buyback/laptops/sell-dell-latitude-5487-kochi.html,2026-04-13,
https://ewastekochi.com/buyback/laptops/sell-dell-latitude-5477-kochi.html,2026-04-13,
https://ewastekochi.com/buyback/laptops/sell-hp-elitebook-931-kochi.html,2026-04-13,
https://ewastekochi.com/locations/ewaste-682206.html,2026-04-13,
https://ewastekochi.com/ml/buyback/laptops/sell-dell-latitude-5480-kochi.html,2026-04-13,
https://ewastekochi.com/ml/buyback/laptops/sell-hp-elitebook-857-kochi.html,2026-04-13,
https://ewastekochi.com/locations/ewaste-682182.html,2026-04-13,
https://ewastekochi.com/buyback/phones/sell-iphone-8-pro-max-kochi.html,2026-04-13,
https://ewastekochi.com/locations/ewaste-682169.html,2026-04-13,
https://ewastekochi.com/locations/ewaste-682213.html,2026-04-13,
https://ewastekochi.com/server-disposal-kochi.html,2026-04-13,
https://ewastekochi.com/buyback/laptops/sell-dell-latitude-5456-kochi.html,2026-04-13,
https://ewastekochi.com/buyback/laptops/sell-dell-latitude-5453-kochi.html,2026-04-13,
https://ewastekochi.com/buyback/laptops/sell-dell-latitude-5409-kochi.html,2026-04-13,
https://ewastekochi.com/ml/locations/ewaste-682236.html,2026-04-13,
https://ewastekochi.com/buyback/laptops/sell-thinkpad-t427p-kochi.html,2026-04-13,
https://ewastekochi.com/ml/locations/ewaste-682156.html,2026-04-13,
https://ewastekochi.com/buyback/laptops/sell-thinkpad-t407-kochi.html,2026-04-13,
https://ewastekochi.com/industries/manufacturing-ewaste.html,2026-04-13,
https://ewastekochi.com/buyback/laptops/sell-thinkpad-t454s-kochi.html,2026-04-13,
https://ewastekochi.com/ml/locations/ewaste-682171.html,2026-04-13,
https://ewastekochi.com/buyback/laptops/sell-microsoft-surface-pro-4-kochi.html,2026-04-13,
https://ewastekochi.com/buyback/laptops/sell-hp-elitebook-927-kochi.html,2026-04-13,
https://ewastekochi.com/buyback/laptops/sell-thinkpad-t407s-kochi.html,2026-04-13,
https://ewastekochi.com/buyback/laptops/sell-dell-latitude-5033-kochi.html,2026-04-13,
https://ewastekochi.com/buyback/laptops/sell-thinkpad-t457s-kochi.html,2026-04-13,
https://ewastekochi.com/buyback/laptops/sell-thinkpad-t431s-kochi.html,2026-04-13,
https://ewastekochi.com/buyback/phones/sell-oneplus-2-pro-kochi.html,2026-04-13,
https://ewastekochi.com/buyback/phones/sell-samsung-note-5-kochi.html,2026-04-13,
https://ewastekochi.com/buyback/laptops/sell-dell-latitude-7432-kochi.html,2026-04-13,
https://ewastekochi.com/buyback/laptops/sell-hp-elitebook-920-kochi.html,2026-04-13,
https://ewastekochi.com/buyback/laptops/sell-microsoft-surface-pro-7-kochi.html,2026-04-13,
https://ewastekochi.com/locations/ewaste-682121,2026-04-13,
https://ewastekochi.com/locations/ewaste-682121.html,2026-04-13,
https://ewastekochi.com/buyback/laptops/sell-dell-latitude-5469-kochi.html,2026-04-13,
https://ewastekochi.com/buyback/laptops/sell-dell-latitude-5436-kochi.html,2026-04-13,
https://ewastekochi.com/buyback/laptops/sell-hp-elitebook-880-kochi.html,2026-04-13,
https://ewastekochi.com/buyback/laptops/sell-dell-latitude-5440-kochi.html,2026-04-13,
https://ewastekochi.com/buyback/laptops/sell-dell-latitude-7454-kochi.html,2026-04-13,
https://ewastekochi.com/buyback/laptops/sell-thinkpad-t427s-kochi.html,2026-04-13,
https://ewastekochi.com/buyback/laptops/sell-macbook-air-m3-kochi.html,2026-04-13,
https://ewastekochi.com/buyback/phones/sell-iphone-12-kochi.html,2026-04-13,
https://ewastekochi.com/locations/ewaste-682105.html,2026-04-13,
https://ewastekochi.com/locations/ewaste-682106.html,2026-04-13,
https://ewastekochi.com/locations/ewaste-kolenchery.html,2026-04-13,
https://ewastekochi.com/ml/buyback/laptops/sell-thinkpad-t498s-kochi.html,2026-04-13,
https://ewastekochi.com/locations/ewaste-682232.html,2026-04-13,
https://ewastekochi.com/bulk-laptop-buyback.html,2026-04-13,
https://ewastekochi.com/locations/ewaste-aroor.html,2026-04-13,
https://ewastekochi.com/buyback/laptops/sell-thinkpad-t456s-kochi.html,2026-04-13,
https://ewastekochi.com/ml/buyback/laptops/sell-thinkpad-t401s-kochi.html,2026-04-13,
https://ewastekochi.com/ml/buyback/laptops/sell-thinkpad-t485s-kochi.html,2026-04-13,
https://ewastekochi.com/ml/buyback/laptops/sell-dell-latitude-5412-kochi.html,2026-04-13,
https://ewastekochi.com/ml/buyback/laptops/sell-dell-latitude-5422-kochi.html,2026-04-13,
https://ewastekochi.com/ml/buyback/laptops/sell-thinkpad-t409s-kochi.html,2026-04-13,
https://ewastekochi.com/ml/buyback/laptops/sell-dell-latitude-5441-kochi.html,2026-04-13,
https://ewastekochi.com/ml/buyback/laptops/sell-dell-latitude-5408-kochi.html,2026-04-13,
https://ewastekochi.com/ml/buyback/laptops/sell-thinkpad-t467s-kochi.html,2026-04-13,
https://ewastekochi.com/ml/buyback/phones/sell-samsung-galaxy-s11-ultra-kochi.html,2026-04-13,
https://ewastekochi.com/ml/buyback/laptops/sell-dell-latitude-5495-kochi.html,2026-04-13,
https://ewastekochi.com/ml/buyback/laptops/sell-hp-elitebook-891-kochi.html,2026-04-13,
https://ewastekochi.com/ml/buyback/phones/sell-oneplus-9-pro-kochi.html,2026-04-13,
https://ewastekochi.com/ml/buyback/laptops/sell-thinkpad-t420s-kochi.html,2026-04-13,
https://ewastekochi.com/ml/buyback/laptops/sell-hp-elitebook-910-kochi.html,2026-04-13,
https://ewastekochi.com/ml/buyback/laptops/sell-thinkpad-t469s-kochi.html,2026-04-13,
https://ewastekochi.com/ml/buyback/laptops/sell-dell-latitude-5490-kochi.html,2026-04-13,
https://ewastekochi.com/ml/buyback/laptops/sell-dell-latitude-5443-kochi.html,2026-04-13,
https://ewastekochi.com/ml/buyback/laptops/sell-hp-elitebook-843-kochi.html,2026-04-13,
https://ewastekochi.com/locations/ewaste-682008.html,2026-04-13,
https://ewastekochi.com/buyback/laptops/sell-dell-latitude-5447-kochi.html,2026-04-13,
https://ewastekochi.com/buyback/laptops/sell-dell-latitude-5481-kochi.html,2026-04-13,
https://ewastekochi.com/buyback/laptops/sell-dell-latitude-5403-kochi.html,2026-04-13,
https://ewastekochi.com/buyback/phones/sell-samsung-note-4-kochi.html,2026-04-13,
https://ewastekochi.com/buyback/laptops/sell-macbook-pro-m2-kochi.html,2026-04-13,
https://ewastekochi.com/buyback/laptops/sell-dell-latitude-7403-kochi.html,2026-04-13,
https://ewastekochi.com/ml/locations/ewaste-682143.html,2026-04-13,
https://ewastekochi.com/buyback/laptops/sell-dell-latitude-5405-kochi.html,2026-04-13,
https://ewastekochi.com/locations/ewaste-682191.html,2026-04-13,
https://ewastekochi.com/ml/locations/ewaste-682038.html,2026-04-13,
https://ewastekochi.com/buyback/laptops/sell-hp-spectre-x360-kochi.html,2026-04-13,
https://ewastekochi.com/buyback/laptops/sell-dell-latitude-5015-kochi.html,2026-04-13,
https://ewastekochi.com/locations/v2/e-waste-vyttila.html,2026-04-13,
https://ewastekochi.com/ml/locations/ewaste-682141.html,2026-04-13,
https://ewastekochi.com/ml/locations/ewaste-682120.html,2026-04-13,
https://ewastekochi.com/buyback/laptops/sell-thinkpad-t429-kochi.html,2026-04-13,
https://ewastekochi.com/buyback/laptops/sell-thinkpad-t435s-kochi.html,2026-04-13,
https://ewastekochi.com/buyback/laptops/sell-hp-elitebook-846-kochi.html,2026-04-13,
https://ewastekochi.com/buyback/laptops/sell-hp-elitebook-874-kochi.html,2026-04-13,
https://ewastekochi.com/buyback/phones/sell-samsung-a85-kochi.html,2026-04-13,
https://ewastekochi.com/buyback/phones/sell-iphone-3-pro-kochi.html,2026-04-13,
https://ewastekochi.com/ml/locations/ewaste-682072.html,2026-04-13,
https://ewastekochi.com/buyback/laptops/sell-dell-latitude-5492-kochi.html,2026-04-13,
https://ewastekochi.com/buyback/laptops/sell-hp-elitebook-853-kochi.html,2026-04-13,
https://ewastekochi.com/buyback/phones/sell-poco-15-pro-kochi.html,2026-04-13,
https://ewastekochi.com/buyback/laptops/sell-dell-latitude-5449-kochi.html,2026-04-13,
https://ewastekochi.com/buyback/laptops/sell-hp-elitebook-898-kochi.html,2026-04-13,
https://ewastekochi.com/buyback/laptops/sell-thinkpad-t432s-kochi.html,2026-04-13,
https://ewastekochi.com/buyback/laptops/sell-dell-latitude-5500-kochi.html,2026-04-13,
https://ewastekochi.com/buyback/phones/sell-oneplus-11t-kochi.html,2026-04-13,
https://ewastekochi.com/buyback/phones/sell-samsung-a135-kochi.html,2026-04-13,
https://ewastekochi.com/buyback/laptops/sell-thinkpad-t417p-kochi.html,2026-04-13,
https://ewastekochi.com/locations/ewaste-mattancherry,2026-04-13,
https://ewastekochi.com/buyback/laptops/sell-thinkpad-t404p-kochi.html,2026-04-13,
https://ewastekochi.com/buyback/phones/sell-samsung-note-8-kochi.html,2026-04-13,
https://ewastekochi.com/ml/locations/ewaste-682105.html,2026-04-13,
https://ewastekochi.com/buyback/phones/sell-samsung-s10-ultra-kochi.html,2026-04-13,
https://ewastekochi.com/ml/locations/ewaste-682091.html,2026-04-13,
https://ewastekochi.com/buyback/laptops/sell-dell-latitude-5026-kochi.html,2026-04-13,
https://ewastekochi.com/buyback/laptops/sell-hp-elitebook-896-kochi.html,2026-04-13,
https://ewastekochi.com/buyback/laptops/sell-hp-elitebook-895-kochi.html,2026-04-13,
https://ewastekochi.com/buyback/laptops/sell-thinkpad-t423p-kochi.html,2026-04-13,
https://ewastekochi.com/ml/locations/ewaste-682097.html,2026-04-13,
https://ewastekochi.com/buyback/laptops/sell-dell-latitude-5401-kochi.html,2026-04-13,
https://ewastekochi.com/buyback/laptops/sell-dell-xps-17-kochi.html,2026-04-13,
https://ewastekochi.com/buyback/phones/sell-iphone-1-kochi.html,2026-04-13,
https://ewastekochi.com/locations/ewaste-rayamangalam.html,2026-04-13,
https://ewastekochi.com/buyback/laptops/sell-dell-latitude-5025-kochi.html,2026-04-13,
https://ewastekochi.com/buyback/phones/sell-oneplus-12r-kochi.html,2026-04-13,
https://ewastekochi.com/buyback/laptops/sell-dell-latitude-5433-kochi.html,2026-04-13,
https://ewastekochi.com/ml/locations/ewaste-682037.html,2026-04-13,
https://ewastekochi.com/buyback/phones/sell-samsung-a95-kochi.html,2026-04-13,
https://ewastekochi.com/buyback/laptops/sell-thinkpad-t403-kochi.html,2026-04-13,
https://ewastekochi.com/buyback/laptops/sell-thinkpad-t422-kochi.html,2026-04-13,
https://ewastekochi.com/buyback/laptops/sell-dell-latitude-7420-kochi.html,2026-04-13,
https://ewastekochi.com/ml/locations/ewaste-682070.html,2026-04-13,
https://ewastekochi.com/ml/locations/ewaste-682134.html,2026-04-13,
https://ewastekochi.com/ml/locations/ewaste-682198.html,2026-04-13,
https://ewastekochi.com/ml/locations/ewaste-nettoor.html,2026-04-13,
https://ewastekochi.com/buyback/laptops/sell-dell-latitude-7430-kochi.html,2026-04-13,
https://ewastekochi.com/buyback/laptops/sell-dell-latitude-5444-kochi.html,2026-04-13,
https://ewastekochi.com/ml/buyback/laptops/sell-thinkpad-t456s-kochi.html,2026-04-13,
https://ewastekochi.com/ml/locations/ewaste-infopark-phase-1.html,2026-04-13,
https://ewastekochi.com/buyback/laptops/sell-dell-latitude-7445-kochi.html,2026-04-13,
https://ewastekochi.com/buyback/laptops/sell-hp-elitebook-912-kochi.html,2026-04-13,
https://ewastekochi.com/locations/ewaste-682030.html,2026-04-13,
https://ewastekochi.com/buyback/laptops/sell-dell-latitude-7437-kochi.html,2026-04-13,
https://ewastekochi.com/buyback/phones/sell-samsung-s15-ultra-kochi.html,2026-04-13,
https://ewastekochi.com/buyback/laptops/sell-dell-latitude-7415-kochi.html,2026-04-13,
https://ewastekochi.com/buyback/phones/sell-xiaomi-redmi-note-10-kochi.html,2026-04-13,
https://ewastekochi.com/buyback/laptops/sell-hp-elitebook-867-kochi.html,2026-04-13,
https://ewastekochi.com/buyback/laptops/sell-hp-elitebook-922-kochi.html,2026-04-13,
https://ewastekochi.com/buyback/phones/sell-xiaomi-redmi-note-11-kochi.html,2026-04-13,
https://ewastekochi.com/buyback/phones/sell-samsung-s12-ultra-kochi.html,2026-04-13,
https://ewastekochi.com/ml/buyback/laptops/sell-thinkpad-t483s-kochi.html,2026-04-13,
https://ewastekochi.com/ml/locations/ewaste-682178.html,2026-04-13,
https://ewastekochi.com/ml/locations/ewaste-682177.html,2026-04-13,
https://ewastekochi.com/buyback/laptops/sell-thinkpad-t424-kochi.html,2026-04-13,
https://ewastekochi.com/ml/locations/ewaste-682225.html,2026-04-13,
https://ewastekochi.com/ml/buyback/phones/sell-iphone-7-pro-max-kochi.html,2026-04-13,
https://ewastekochi.com/ml/locations/ewaste-682169.html,2026-04-13,
https://ewastekochi.com/comparisons/olx-vs-ewastekochi.html,2026-04-13,
https://ewastekochi.com/locations/ewaste-682016.html,2026-04-13,
https://ewastekochi.com/blog/secure-phone-disposal-guide.html,2026-04-13,
https://ewastekochi.com/locations/ewaste-682097.html,2026-04-13,
https://ewastekochi.com/ml/locations/ewaste-682046.html,2026-04-13,
https://ewastekochi.com/ml/buyback/laptops/sell-dell-latitude-5448-kochi.html,2026-04-13,
https://ewastekochi.com/locations/ewaste-682127.html,2026-04-13,
https://ewastekochi.com/buyback/laptops/sell-dell-latitude-5001-kochi.html,2026-04-13,
https://ewastekochi.com/buyback/phones/sell-oneplus-13-pro-kochi.html,2026-04-13,
https://ewastekochi.com/buyback/phones/sell-google-pixel-7-pro-kochi.html,2026-04-13,
https://ewastekochi.com/locations/ewaste-682158,2026-04-13,
https://ewastekochi.com/ml/locations/ewaste-682162.html,2026-04-13,
https://ewastekochi.com/buyback/phones/sell-oneplus-5-pro-kochi.html,2026-04-13,
https://ewastekochi.com/buyback/laptops/sell-hp-elitebook-937-kochi.html,2026-04-13,
https://ewastekochi.com/ml/locations/ewaste-682088.html,2026-04-13,
https://ewastekochi.com/ml/locations/ewaste-682051.html,2026-04-13,
https://ewastekochi.com/buyback/laptops/sell-thinkpad-t450p-kochi.html,2026-04-13,
https://ewastekochi.com/buyback/phones/sell-iphone-11-kochi.html,2026-04-13,
https://ewastekochi.com/ml/locations/ewaste-682202.html,2026-04-13,
https://ewastekochi.com/buyback/laptops/sell-thinkpad-t412-kochi.html,2026-04-13,
https://ewastekochi.com/buyback/laptops/sell-dell-latitude-7417-kochi.html,2026-04-13,
https://ewastekochi.com/locations/ewaste-682186.html,2026-04-13,
https://ewastekochi.com/ml/buyback/laptops/sell-dell-latitude-5496-kochi.html,2026-04-13,
https://ewastekochi.com/buyback/phones/sell-samsung-note-1-kochi.html,2026-04-13,
https://ewastekochi.com/buyback/laptops/sell-thinkpad-t437p-kochi.html,2026-04-13,
https://ewastekochi.com/ml/locations/ewaste-682031.html,2026-04-13,
https://ewastekochi.com/buyback/laptops/sell-thinkpad-t440p-kochi.html,2026-04-13,
https://ewastekochi.com/buyback/phones/sell-iphone-14-kochi.html,2026-04-13,
https://ewastekochi.com/ml/locations/ewaste-682241.html,2026-04-13,
https://ewastekochi.com/buyback/phones/sell-samsung-galaxy-a22-kochi.html,2026-04-13,
https://ewastekochi.com/ml/locations/ewaste-682057.html,2026-04-13,
https://ewastekochi.com/buyback/laptops/sell-hp-elitebook-893-kochi.html,2026-04-13,
https://ewastekochi.com/buyback/laptops/sell-thinkpad-t416s-kochi.html,2026-04-13,
https://ewastekochi.com/buyback/laptops/sell-asus-rog-zephyrus-g13-kochi.html,2026-04-13,
https://ewastekochi.com/ml/buyback/laptops/sell-macbook-pro-m3-max-kochi.html,2026-04-13,
https://ewastekochi.com/locations/ewaste-kaloor.html,2026-04-13,
https://ewastekochi.com/compliance/kerala-pcb-authorization.html,2026-04-13,
https://ewastekochi.com/compliance/dod-5220-22m-guide.html,2026-04-13,
https://ewastekochi.com/buyback/phones/sell-samsung-galaxy-a20-kochi.html,2026-04-13,
https://ewastekochi.com/blog/e-waste-pickup-infopark.html,2026-04-13,
https://ewastekochi.com/buyback/laptops/sell-hp-elitebook-882-kochi.html,2026-04-13,
https://ewastekochi.com/locations/ewaste-682054.html,2026-04-13,
https://ewastekochi.com/locations/ewaste-682109.html,2026-04-13,
https://ewastekochi.com/ml/buyback/laptops/sell-hp-elitebook-893-kochi.html,2026-04-13,
https://ewastekochi.com/comparisons/quickr-vs-ewastekochi.html,2026-04-13,
https://ewastekochi.com/blog/laptop-resale-value-2026.html,2026-04-13,
https://ewastekochi.com/ml/locations/ewaste-682087.html,2026-04-13,
https://ewastekochi.com/buyback/laptops/sell-thinkpad-t418s-kochi.html,2026-04-13,
https://ewastekochi.com/ml/locations/ewaste-682020.html,2026-04-13,
https://ewastekochi.com/ml/locations/ewaste-682106.html,2026-04-13,
https://ewastekochi.com/ml/locations/ewaste-682061.html,2026-04-13,
https://ewastekochi.com/buyback/phones/sell-poco-13-pro-kochi.html,2026-04-13,
https://ewastekochi.com/buyback/laptops/sell-dell-latitude-7433-kochi.html,2026-04-13,
https://ewastekochi.com/locations/edappally-ewaste-kochi.html,2026-04-13,
https://ewastekochi.com/ml/locations/ewaste-682094.html,2026-04-13,
https://ewastekochi.com/ml/locations/ewaste-682166.html,2026-04-13,
https://ewastekochi.com/buyback/laptops/sell-thinkpad-t439-kochi.html,2026-04-13,
https://ewastekochi.com/buyback/laptops/sell-dell-latitude-5037-kochi.html,2026-04-13,
https://ewastekochi.com/buyback/laptops/sell-dell-latitude-5009-kochi.html,2026-04-13,
https://ewastekochi.com/ml/locations/ewaste-682076.html,2026-04-13,
https://ewastekochi.com/buyback/laptops/sell-hp-elitebook-866-kochi.html,2026-04-13,
https://ewastekochi.com/ml/locations/ewaste-kadavanthra.html,2026-04-13,
https://ewastekochi.com/buyback/laptops/sell-thinkpad-t480s-kochi.html,2026-04-13,
https://ewastekochi.com/ml/locations/ewaste-682195.html,2026-04-13,
https://ewastekochi.com/buyback/phones/sell-iphone-15-kochi.html,2026-04-13,
https://ewastekochi.com/buyback/laptops/sell-dell-latitude-7455-kochi.html,2026-04-13,
https://ewastekochi.com/buyback/laptops/sell-thinkpad-t464s-kochi.html,2026-04-13,
https://ewastekochi.com/buyback/laptops/sell-hp-elitebook-926-kochi.html,2026-04-13,
https://ewastekochi.com/buyback/laptops/sell-dell-latitude-5439-kochi.html,2026-04-13,
https://ewastekochi.com/buyback/laptops/sell-dell-latitude-7440-kochi.html,2026-04-13,
https://ewastekochi.com/ml/locations/ewaste-682133.html,2026-04-13,
https://ewastekochi.com/buyback/laptops/sell-dell-latitude-7426-kochi.html,2026-04-13,
https://ewastekochi.com/buyback/laptops/sell-thinkpad-t460s-kochi.html,2026-04-13,
https://ewastekochi.com/buyback/laptops/sell-dell-latitude-5034-kochi.html,2026-04-13,
https://ewastekochi.com/ml/locations/ewaste-682243.html,2026-04-13,
https://ewastekochi.com/buyback/laptops/sell-thinkpad-t408s-kochi.html,2026-04-13,
https://ewastekochi.com/buyback/laptops/sell-hp-elitebook-897-kochi.html,2026-04-13,
https://ewastekochi.com/buyback/laptops/sell-thinkpad-t401-kochi.html,2026-04-13,
https://ewastekochi.com/ml/locations/ewaste-682089.html,2026-04-13,
https://ewastekochi.com/ml/locations/ewaste-682203.html,2026-04-13,
https://ewastekochi.com/buyback/laptops/sell-thinkpad-t411p-kochi.html,2026-04-13,
https://ewastekochi.com/buyback/laptops/sell-dell-latitude-7452-kochi.html,2026-04-13,
https://ewastekochi.com/buyback/phones/sell-xiaomi-redmi-note-17-kochi.html,2026-04-13,
https://ewastekochi.com/ml/locations/ewaste-682001.html,2026-04-13,
https://ewastekochi.com/locations/ewaste-682220.html,2026-04-13,
https://ewastekochi.com/locations/ewaste-682064.html,2026-04-13,
https://ewastekochi.com/buyback/laptops/sell-thinkpad-t419s-kochi.html,2026-04-13,
https://ewastekochi.com/ml/locations/ewaste-682235.html,2026-04-13,
https://ewastekochi.com/buyback/phones/sell-iphone-5-kochi.html,2026-04-13,
https://ewastekochi.com/ml/buyback/phones/sell-samsung-galaxy-s12-ultra-kochi.html,2026-04-13,
https://ewastekochi.com/ml/locations/ewaste-682083.html,2026-04-13,
https://ewastekochi.com/buyback/laptops/sell-dell-latitude-7421-kochi.html,2026-04-13,
https://ewastekochi.com/buyback/laptops/sell-thinkpad-t404s-kochi.html,2026-04-13,
https://ewastekochi.com/buyback/laptops/sell-dell-latitude-5428-kochi.html,2026-04-13,
https://ewastekochi.com/buyback/laptops/sell-dell-latitude-7453-kochi.html,2026-04-13,
https://ewastekochi.com/ml/locations/ewaste-682206.html,2026-04-13,
https://ewastekochi.com/ml/locations/ewaste-682017.html,2026-04-13,
https://ewastekochi.com/buyback/laptops/sell-thinkpad-t435p-kochi.html,2026-04-13,
https://ewastekochi.com/buyback/phones/sell-oneplus-10t-kochi.html,2026-04-13,
https://ewastekochi.com/buyback/phones/sell-oneplus-9t-kochi.html,2026-04-13,
https://ewastekochi.com/ml/locations/ewaste-marine-drive.html,2026-04-13,
https://ewastekochi.com/buyback/phones/sell-poco-14-pro-kochi.html,2026-04-13,
https://ewastekochi.com/ml/buyback/phones/sell-google-pixel-14-pro-kochi.html,2026-04-13,
https://ewastekochi.com/buyback/laptops/sell-thinkpad-t430-kochi.html,2026-04-13,
https://ewastekochi.com/buyback/laptops/sell-thinkpad-t441p-kochi.html,2026-04-13,
https://ewastekochi.com/ml/locations/ewaste-682093.html,2026-04-13,
https://ewastekochi.com/buyback/laptops/sell-thinkpad-t469s-kochi.html,2026-04-13,
https://ewastekochi.com/buyback/laptops/sell-dell-latitude-5407-kochi.html,2026-04-13,
https://ewastekochi.com/buyback/phones/sell-iphone-7-pro-max-kochi.html,2026-04-13,
https://ewastekochi.com/buyback/laptops/sell-hp-elitebook-910-kochi.html,2026-04-13,
https://ewastekochi.com/ml/buyback/laptops/sell-thinkpad-t405s-kochi.html,2026-04-13,
https://ewastekochi.com/buyback/laptops/sell-dell-latitude-5498-kochi.html,2026-04-13,
https://ewastekochi.com/ml/locations/ewaste-682021.html,2026-04-13,
https://ewastekochi.com/ml/locations/ewaste-682015.html,2026-04-13,
https://ewastekochi.com/buyback/laptops/sell-thinkpad-t443p-kochi.html,2026-04-13,
https://ewastekochi.com/buyback/phones/sell-iphone-10-pro-max-kochi.html,2026-04-13,
https://ewastekochi.com/buyback/phones/sell-iphone-8-plus-kochi.html,2026-04-13,
https://ewastekochi.com/ml/locations/ewaste-682175.html,2026-04-13,
https://ewastekochi.com/buyback/laptops/sell-macbook-pro-13-kochi.html,2026-04-13,
https://ewastekochi.com/locations/ewaste-682236.html,2026-04-13,
https://ewastekochi.com/locations/ewaste-682125.html,2026-04-13,
https://ewastekochi.com/locations/ewaste-682068.html,2026-04-13,
https://ewastekochi.com/services/sell-used-servers-kochi.html,2026-04-13,
https://ewastekochi.com/ml/locations/ewaste-682136.html,2026-04-13,
https://ewastekochi.com/ml/locations/ewaste-infopark-phase-2.html,2026-04-13,
https://ewastekochi.com/services/it-asset-buyback-kochi.html,2026-04-13,
https://ewastekochi.com/ml/buyback/phones/sell-samsung-galaxy-a25-kochi.html,2026-04-13,
https://ewastekochi.com/buyback/laptops/sell-thinkpad-t451s-kochi.html,2026-04-13,
https://ewastekochi.com/ml/buyback/laptops/sell-hp-elitebook-880-kochi.html,2026-04-13,
https://ewastekochi.com/ml/buyback/laptops/sell-thinkpad-t489s-kochi.html,2026-04-13,
https://ewastekochi.com/ml/buyback/laptops/sell-hp-elitebook-898-kochi.html,2026-04-13,
https://ewastekochi.com/locations/ewaste-paravur.html,2026-04-13,
https://ewastekochi.com/ml/buyback/laptops/sell-hp-elitebook-887-kochi.html,2026-04-13,
https://ewastekochi.com/ml/buyback/laptops/sell-dell-latitude-5442-kochi.html,2026-04-13,
https://ewastekochi.com/ml/buyback/laptops/sell-hp-elitebook-847-kochi.html,2026-04-13,
https://ewastekochi.com/ml/buyback/phones/sell-oneplus-11-pro-kochi.html,2026-04-13,
https://ewastekochi.com/buyback/laptops/sell-thinkpad-t470s-kochi.html,2026-04-13,
https://ewastekochi.com/ml/locations/ewaste-682109.html,2026-04-13,
https://ewastekochi.com/ml/buyback/laptops/sell-dell-latitude-5423-kochi.html,2026-04-13,
https://ewastekochi.com/locations/ewaste-682175.html,2026-04-13,
https://ewastekochi.com/ml/buyback/laptops/sell-hp-elitebook-914-kochi.html,2026-04-13,
https://ewastekochi.com/ml/buyback/laptops/sell-thinkpad-t455s-kochi.html,2026-04-13,
https://ewastekochi.com/ml/buyback/phones/sell-xiaomi-redmi-note-16-kochi.html,2026-04-13,
https://ewastekochi.com/ml/buyback/laptops/sell-asus-rog-zephyrus-g113-kochi.html,2026-04-13,
https://ewastekochi.com/ml/buyback/laptops/sell-thinkpad-t445s-kochi.html,2026-04-13,
https://ewastekochi.com/ml/buyback/laptops/sell-thinkpad-t435s-kochi.html,2026-04-13,
https://ewastekochi.com/ml/buyback/laptops/sell-hp-elitebook-922-kochi.html,2026-04-13,
https://ewastekochi.com/ml/buyback/laptops/sell-dell-latitude-5453-kochi.html,2026-04-13,
https://ewastekochi.com/ml/buyback/laptops/sell-hp-elitebook-915-kochi.html,2026-04-13,
https://ewastekochi.com/ml/buyback/laptops/sell-hp-elitebook-903-kochi.html,2026-04-13,
https://ewastekochi.com/ml/buyback/laptops/sell-hp-elitebook-896-kochi.html,2026-04-13,
https://ewastekochi.com/ml/buyback/laptops/sell-dell-latitude-5491-kochi.html,2026-04-13,
https://ewastekochi.com/ml/buyback/laptops/sell-hp-elitebook-841-kochi.html,2026-04-13,
https://ewastekochi.com/locations/ewaste-682085.html,2026-04-13,
https://ewastekochi.com/ml/buyback/laptops/sell-dell-latitude-5436-kochi.html,2026-04-13,
https://ewastekochi.com/ml/buyback/laptops/sell-hp-elitebook-865-kochi.html,2026-04-13,
https://ewastekochi.com/ml/buyback/phones/sell-xiaomi-redmi-note-18-kochi.html,2026-04-13,
https://ewastekochi.com/ml/locations/ewaste-682174.html,2026-04-13,
https://ewastekochi.com/ml/buyback/laptops/sell-asus-rog-zephyrus-g112-kochi.html,2026-04-13,
https://ewastekochi.com/locations/ewaste-682104.html,2026-04-13,
https://ewastekochi.com/locations/ewaste-682166.html,2026-04-13,
https://ewastekochi.com/ml/buyback/laptops/sell-thinkpad-t470s-kochi.html,2026-04-13,
https://ewastekochi.com/locations/ewaste-682240.html,2026-04-13,
https://ewastekochi.com/locations/ewaste-ernakulam.html,2026-04-13,
https://ewastekochi.com/buyback/laptops/sell-dell-latitude-7459-kochi.html,2026-04-13,
https://ewastekochi.com/ml/buyback/laptops/sell-thinkpad-t454s-kochi.html,2026-04-13,
https://ewastekochi.com/ml/buyback/laptops/sell-hp-elitebook-863-kochi.html,2026-04-13,
https://ewastekochi.com/ml/buyback/laptops/sell-dell-latitude-5476-kochi.html,2026-04-13,
https://ewastekochi.com/ml/buyback/laptops/sell-thinkpad-t408s-kochi.html,2026-04-13,
https://ewastekochi.com/ml/buyback/laptops/sell-dell-latitude-5484-kochi.html,2026-04-13,
https://ewastekochi.com/ml/buyback/laptops/sell-thinkpad-t494s-kochi.html,2026-04-13,
https://ewastekochi.com/locations/ewaste-682217.html,2026-04-13,
https://ewastekochi.com/ml/buyback/laptops/sell-dell-latitude-5446-kochi.html,2026-04-13,
https://ewastekochi.com/ml/buyback/laptops/sell-asus-rog-zephyrus-g115-kochi.html,2026-04-13,
https://ewastekochi.com/ml/buyback/laptops/sell-thinkpad-t451s-kochi.html,2026-04-13,
https://ewastekochi.com/ml/buyback/laptops/sell-hp-elitebook-925-kochi.html,2026-04-13,
https://ewastekochi.com/ml/buyback/laptops/sell-hp-elitebook-901-kochi.html,2026-04-13,
https://ewastekochi.com/ml/buyback/phones/sell-nothing-phone-3-kochi.html,2026-04-13,
https://ewastekochi.com/ml/buyback/phones/sell-oneplus-14-pro-kochi.html,2026-04-13,
https://ewastekochi.com/ml/buyback/laptops/sell-dell-latitude-5485-kochi.html,2026-04-13,
https://ewastekochi.com/locations/ewaste-682015.html,2026-04-13,
https://ewastekochi.com/locations/ewaste-thripunithura.html,2026-04-13,
https://ewastekochi.com/ml/buyback/phones/sell-google-pixel-8-pro-kochi.html,2026-04-13,
https://ewastekochi.com/locations/ewaste-682185.html,2026-04-13,
https://ewastekochi.com/blog/hard-drive-shredding-cost-kochi.html,2026-04-13,
https://ewastekochi.com/locations/ewaste-682014.html,2026-04-12,
https://ewastekochi.com/locations/ewaste-682004.html,2026-04-12,
https://ewastekochi.com/buyback/laptops/sell-thinkpad-t444s-kochi.html,2026-04-12,
https://ewastekochi.com/ml/buyback/laptops/sell-dell-latitude-5452-kochi.html,2026-04-12,
https://ewastekochi.com/ml/buyback/phones/sell-samsung-galaxy-s13-ultra-kochi.html,2026-04-12,
https://ewastekochi.com/ml/buyback/phones/sell-samsung-galaxy-a17-kochi.html,2026-04-12,
https://ewastekochi.com/ml/buyback/laptops/sell-hp-elitebook-928-kochi.html,2026-04-12,
https://ewastekochi.com/ml/buyback/phones/sell-google-pixel-12-pro-kochi.html,2026-04-12,
https://ewastekochi.com/itad/itad-kochi.html,2026-04-12,
https://ewastekochi.com/ml/buyback/laptops/sell-thinkpad-t497s-kochi.html,2026-04-12,
https://ewastekochi.com/buyback/bulk-laptop-buyback-kochi.html,2026-04-12,
https://ewastekochi.com/ml/buyback/laptops/sell-dell-latitude-5440-kochi.html,2026-04-12,
https://ewastekochi.com/locations/ewaste-chalakudy.html,2026-04-12,
https://ewastekochi.com/locations/ewaste-vallarpadam.html,2026-04-12,
https://ewastekochi.com/locations/ewaste-682112.html,2026-04-12,
https://ewastekochi.com/locations/ewaste-682049.html,2026-04-12,
https://ewastekochi.com/locations/ewaste-682195.html,2026-04-12,
https://ewastekochi.com/buyback/phones/sell-samsung-galaxy-s10-ultra-kochi.html,2026-04-12,
https://ewastekochi.com/locations/ewaste-682234.html,2026-04-12,
https://ewastekochi.com/ml/buyback/laptops/sell-thinkpad-t427s-kochi.html,2026-04-12,
https://ewastekochi.com/ml/buyback/laptops/sell-dell-latitude-5469-kochi.html,2026-04-12,
https://ewastekochi.com/ml/buyback/laptops/sell-dell-xps-17-kochi.html,2026-04-12,
https://ewastekochi.com/buyback/laptops/sell-dell-latitude-5495-kochi.html,2026-04-12,
https://ewastekochi.com/buyback/laptops/sell-hp-elitebook-940-kochi.html,2026-04-12,
https://ewastekochi.com/ml/buyback/laptops/sell-hp-elitebook-846-kochi.html,2026-04-12,
https://ewastekochi.com/locations/ewaste-vaduthala.html,2026-04-12,
https://ewastekochi.com/locations/ewaste-682066.html,2026-04-12,
https://ewastekochi.com/locations/ewaste-682046.html,2026-04-12,
https://ewastekochi.com/locations/ewaste-binanipuram.html,2026-04-12,
https://ewastekochi.com/locations/ewaste-682237.html,2026-04-12,
https://ewastekochi.com/ml/buyback/phones/sell-samsung-galaxy-a20-kochi.html,2026-04-12,
https://ewastekochi.com/locations/ewaste-682103.html,2026-04-12,
https://ewastekochi.com/buyback/sell-old-laptop-kochi.html,2026-04-12,
https://ewastekochi.com/blog/data-destruction-kochi.html,2026-04-12,
https://ewastekochi.com/locations/ewaste-682139.html,2026-04-12,
https://ewastekochi.com/locations/ewaste-682133.html,2026-04-12,
https://ewastekochi.com/buyback/laptops/sell-dell-latitude-7405-kochi.html,2026-04-12,
https://ewastekochi.com/buyback/laptops/sell-hp-elitebook-902-kochi.html,2026-04-12,
https://ewastekochi.com/locations/ewaste-ambalamukku.html,2026-04-12,
https://ewastekochi.com/locations/ewaste-682048.html,2026-04-12,
https://ewastekochi.com/sell-old-desktop-kochi.html,2026-04-12,
https://ewastekochi.com/ml/locations/ewaste-682209.html,2026-04-12,
https://ewastekochi.com/ml/buyback/laptops/sell-thinkpad-t415s-kochi.html,2026-04-12,
https://ewastekochi.com/ml/buyback/phones/sell-xiaomi-redmi-note-12-kochi.html,2026-04-12,
https://ewastekochi.com/locations/ewaste-682202.html,2026-04-12,
https://ewastekochi.com/blog/how-to-dispose-e-waste-in-infopark-kakkanad.html,2026-04-12,
https://ewastekochi.com/locations/ewaste-682184.html,2026-04-12,
https://ewastekochi.com/buyback/laptops/sell-thinkpad-t406-kochi.html,2026-04-12,
https://ewastekochi.com/buyback/laptops/sell-thinkpad-t421-kochi.html,2026-04-12,
https://ewastekochi.com/locations/ewaste-kottuvally.html,2026-04-12,
https://ewastekochi.com/locations/ewaste-kothamangalam.html,2026-04-12,
https://ewastekochi.com/locations/ewaste-682108.html,2026-04-12,
https://ewastekochi.com/locations/ewaste-pathalam.html,2026-04-12,
https://ewastekochi.com/locations/ewaste-vypeen.html,2026-04-12,
https://ewastekochi.com/locations/ewaste-682040.html,2026-04-12,
https://ewastekochi.com/locations/ewaste-682214.html,2026-04-12,
https://ewastekochi.com/services/data-center-decommissioning-kochi.html,2026-04-12,
https://ewastekochi.com/ml/buyback/laptops/sell-asus-rog-zephyrus-g114-kochi.html,2026-04-12,
https://ewastekochi.com/locations/ewaste-682118.html,2026-04-12,
https://ewastekochi.com/ml/buyback/phones/sell-iphone-9-pro-max-kochi.html,2026-04-12,
https://ewastekochi.com/locations/ewaste-682065.html,2026-04-12,
https://ewastekochi.com/locations/ewaste-682148.html,2026-04-12,
https://ewastekochi.com/services/e-waste-collection-aluva.html,2026-04-12,
https://ewastekochi.com/locations/ewaste-682180.html,2026-04-12,
https://ewastekochi.com/locations/ewaste-682074.html,2026-04-12,
